Workbook

Sheet Analysis 1
A2: Total HeadCount by average salary per Dept. | E2: %Left Employee Vs Total Employee per Dept. | J2: Row Labels | K2: Count of BONUS
A3: Department | B3: Average of SALARY2 | E3: column | F3: Column Labels | J3: Achiving
A4: Finance | B4: 87938.5 | E4: Department | F4: Active | G4: Left | H4: Grand Total | J4: Developing | K4: 1
A5: Human Resources | B5: 88223.692 | E5: Finance | F5: 0.1 | G5: 0.021428571 | H5: 0.12142857 | J5: Exceeding
A6: Information Technology | B6: 79893.409 | E6: Human Resources | F6: 0.10714286 | G6: 0.014285714 | H6: 0.12142857 | J6: Needs Improvement
A7: Marketing | B7: 86693.133 | E7: Information Technology | F7: 0.2 | G7: 0.042857143 | H7: 0.24285714 | J7: Outstanding
A8: Operations | B8: 77933.083 | E8: Marketing | F8: 0.11428571 | G8: 0.021428571 | H8: 0.13571429 | J8: Grand Total | K8: 1
A9: Sales | B9: 81083.353 | E9: Operations | F9: 0.12857143 | G9: 0.042857143 | H9: 0.17142857
A10: (blank) | E10: Sales | F10: 0.17857143 | G10: 0.028571429 | H10: 0.20714286
A11: Grand Total | B11: 82621.139 | E11: Grand Total | F11: 0.82857143 | G11: 0.17142857 | H11: 1
A16: Average Performance Btw Active Employee And Left Employee
B17: Column Labels
B18: Active | C18: Left | D18: Resigned | E18: (blank) | F18: Grand Total
A19: Average of Perf_Score | B19: 67.560345 | C19: 66.083333 | D19: 76.4 | E19: 65 | F19: 67.783439
A25: DASHBOARD CREATION

Sheet Raw_Employee_Data
A1: Emp ID | B1: First_Name | C1: Last_Name | D1: Merge Names | E1: Dept Code | F1: Hire Date | G1: Salary | H1: Perf_Score | I1: Employment Status | J1: DEPARTMENT | K1: SALARY2 | L1: YEAR OF SERVICE | M1: perf band | N1: BONUS
A2: EMP145 | B2: Thomas | C2: Jones | D2: =_xlfn.CONCAT(B2," ",C2) -> Thomas Jones | E2: MKT04 | F2: 11/11/2016 | G2: $50,936 | H2: 99 | I2: Active | J2: =VLOOKUP(E2,Lookup_Departments!$A$2:$A$7:'Lookup_Departments'!$B$2:$B$7,2,FALSE) -> Marketing | K2: =IF(G2=0,AVERAGEIF(J:J,J2,G:G),G2) -> $50,936 | L2: =ROUND(YEARFRAC(F2,TODAY()),2) -> 9.7 | M2: =_xlfn.IFS(H2<=49,"Needs Improvement",H2<=69,"Developing",H2<=84,"Achiving",H2<=94,"Exceeding",H2<=100,"Outstanding") -> Outstanding
A3: EMP053 | B3: Richard | C3: Williams | D3: =_xlfn.CONCAT(B3," ",C3) -> Richard Williams | E3: FIN03 | F3: 10/22/2015 | G3: 87938.5 | H3: 62 | I3: Active | J3: =VLOOKUP(E3,Lookup_Departments!$A$2:$A$7:'Lookup_Departments'!$B$2:$B$7,2,FALSE) -> Finance | K3: =IF(G3=0,AVERAGEIF(J:J,J3,G:G),G3) -> 87938.5 | L3: =ROUND(YEARFRAC(F3,TODAY()),2) -> 10.75 | M3: =_xlfn.IFS(H3<=49,"Needs Improvement",H3<=69,"Developing",H3<=84,"Achiving",H3<=94,"Exceeding",H3<=100,"Outstanding") -> Developing
A4: EMP028 | B4: Thomas | C4: Rodriguez | D4: =_xlfn.CONCAT(B4," ",C4) -> Thomas Rodriguez | E4: FIN03 | F4: 10/07/2019 | G4: 55920 | H4: 84 | I4: Active | J4: =VLOOKUP(E4,Lookup_Departments!$A$2:$A$7:'Lookup_Departments'!$B$2:$B$7,2,FALSE) -> Finance | K4: =IF(G4=0,AVERAGEIF(J:J,J4,G:G),G4) -> 55920 | L4: =ROUND(YEARFRAC(F4,TODAY()),2) -> 6.79 | M4: =_xlfn.IFS(H4<=49,"Needs Improvement",H4<=69,"Developing",H4<=84,"Achiving",H4<=94,"Exceeding",H4<=100,"Outstanding") -> Achiving
A5: EMP034 | B5: John | C5: Johnson | D5: =_xlfn.CONCAT(B5," ",C5) -> John Johnson | E5: IT02 | F5: 10/04/2023 | G5: 52287 | H5: 70 | I5: Active | J5: =VLOOKUP(E5,Lookup_Departments!$A$2:$A$7:'Lookup_Departments'!$B$2:$B$7,2,FALSE) -> Information Technology | K5: =IF(G5=0,AVERAGEIF(J:J,J5,G:G),G5) -> 52287 | L5: =ROUND(YEARFRAC(F5,TODAY()),2) -> 2.8 | M5: =_xlfn.IFS(H5<=49,"Needs Improvement",H5<=69,"Developing",H5<=84,"Achiving",H5<=94,"Exceeding",H5<=100,"Outstanding") -> Achiving
A6: EMP048 | B6: Richard | C6: Smith | D6: =_xlfn.CONCAT(B6," ",C6) -> Richard Smith | E6: HR01 | F6: 09/29/2018 | G6: $47,694 | H6: 75 | I6: Active | J6: =VLOOKUP(E6,Lookup_Departments!$A$2:$A$7:'Lookup_Departments'!$B$2:$B$7,2,FALSE) -> Human Resources | K6: =IF(G6=0,AVERAGEIF(J:J,J6,G:G),G6) -> $47,694 | L6: =ROUND(YEARFRAC(F6,TODAY()),2) -> 7.81 | M6: =_xlfn.IFS(H6<=49,"Needs Improvement",H6<=69,"Developing",H6<=84,"Achiving",H6<=94,"Exceeding",H6<=100,"Outstanding") -> Achiving
A7: EMP129 | B7: John | C7: Wilson | D7: =_xlfn.CONCAT(B7," ",C7) -> John Wilson | E7: SAL05 | F7: 09/24/2019 | G7: $77,610 | H7: 88 | I7: Active | J7: =VLOOKUP(E7,Lookup_Departments!$A$2:$A$7:'Lookup_Departments'!$B$2:$B$7,2,FALSE) -> Sales | K7: =IF(G7=0,AVERAGEIF(J:J,J7,G:G),G7) -> $77,610 | L7: =ROUND(YEARFRAC(F7,TODAY()),2) -> 6.83 | M7: =_xlfn.IFS(H7<=49,"Needs Improvement",H7<=69,"Developing",H7<=84,"Achiving",H7<=94,"Exceeding",H7<=100,"Outstanding") -> Exceeding
A8: EMP027 | B8: Sarah | C8: Miller | D8: =_xlfn.CONCAT(B8," ",C8) -> Sarah Miller | E8: OPS06 | F8: 09/09/2017 | G8: 57514 | H8: 65 | I8: Active | J8: =VLOOKUP(E8,Lookup_Departments!$A$2:$A$7:'Lookup_Departments'!$B$2:$B$7,2,FALSE) -> Operations | K8: =IF(G8=0,AVERAGEIF(J:J,J8,G:G),G8) -> 57514 | L8: =ROUND(YEARFRAC(F8,TODAY()),2) -> 8.87 | M8: =_xlfn.IFS(H8<=49,"Needs Improvement",H8<=69,"Developing",H8<=84,"Achiving",H8<=94,"Exceeding",H8<=100,"Outstanding") -> Developing
A9: EMP086 | B9: Emily | C9: Miller | D9: =_xlfn.CONCAT(B9," ",C9) -> Emily Miller | E9: SAL05 | F9: 09/07/2021 | G9: 70359 | H9: 74 | I9: Left | J9: =VLOOKUP(E9,Lookup_Departments!$A$2:$A$7:'Lookup_Departments'!$B$2:$B$7,2,FALSE) -> Sales | K9: =IF(G9=0,AVERAGEIF(J:J,J9,G:G),G9) -> 70359 | L9: =ROUND(YEARFRAC(F9,TODAY()),2) -> 4.88 | M9: =_xlfn.IFS(H9<=49,"Needs Improvement",H9<=69,"Developing",H9<=84,"Achiving",H9<=94,"Exceeding",H9<=100,"Outstanding") -> Achiving
A10: EMP130 | B10: Jane | C10: Garcia | D10: =_xlfn.CONCAT(B10," ",C10) -> Jane Garcia | E10: MKT04 | F10: 08/29/2021 | G10: 83007 | H10: 82 | I10: Active | J10: =VLOOKUP(E10,Lookup_Departments!$A$2:$A$7:'Lookup_Departments'!$B$2:$B$7,2,FALSE) -> Marketing | K10: =IF(G10=0,AVERAGEIF(J:J,J10,G:G),G10) -> 83007 | L10: =ROUND(YEARFRAC(F10,TODAY()),2) -> 4.9 | M10: =_xlfn.IFS(H10<=49,"Needs Improvement",H10<=69,"Developing",H10<=84,"Achiving",H10<=94,"Exceeding",H10<=100,"Outstanding") -> Achiving
A11: EMP077 | B11: Amanda | C11: Lopez | D11: =_xlfn.CONCAT(B11," ",C11) -> Amanda Lopez | E11: SAL05 | F11: 07/14/2016 | G11: 78402 | H11: 54 | I11: Active | J11: =VLOOKUP(E11,Lookup_Departments!$A$2:$A$7:'Lookup_Departments'!$B$2:$B$7,2,FALSE) -> Sales | K11: =IF(G11=0,AVERAGEIF(J:J,J11,G:G),G11) -> 78402 | L11: =ROUND(YEARFRAC(F11,TODAY()),2) -> 10.02 | M11: =_xlfn.IFS(H11<=49,"Needs Improvement",H11<=69,"Developing",H11<=84,"Achiving",H11<=94,"Exceeding",H11<=100,"Outstanding") -> Developing
A12: EMP004 | B12: Thomas | C12: Miller | D12: =_xlfn.CONCAT(B12," ",C12) -> Thomas Miller | E12: IT02 | F12: 07/10/2016 | G12: 74370 | H12: 82 | I12: Active | J12: =VLOOKUP(E12,Lookup_Departments!$A$2:$A$7:'Lookup_Departments'!$B$2:$B$7,2,FALSE) -> Information Technology | K12: =IF(G12=0,AVERAGEIF(J:J,J12,G:G),G12) -> 74370 | L12: =ROUND(YEARFRAC(F12,TODAY()),2) -> 10.03 | M12: =_xlfn.IFS(H12<=49,"Needs Improvement",H12<=69,"Developing",H12<=84,"Achiving",H12<=94,"Exceeding",H12<=100,"Outstanding") -> Achiving
A13: EMP068 | B13: Melissa | C13: Brown | D13: =_xlfn.CONCAT(B13," ",C13) -> Melissa Brown | E13: SAL05 | F13: 06/29/2022 | G13: 69219 | H13: 93 | I13: Active | J13: =VLOOKUP(E13,Lookup_Departments!$A$2:$A$7:'Lookup_Departments'!$B$2:$B$7,2,FALSE) -> Sales | K13: =IF(G13=0,AVERAGEIF(J:J,J13,G:G),G13) -> 69219 | L13: =ROUND(YEARFRAC(F13,TODAY()),2) -> 4.06 | M13: =_xlfn.IFS(H13<=49,"Needs Improvement",H13<=69,"Developing",H13<=84,"Achiving",H13<=94,"Exceeding",H13<=100,"Outstanding") -> Exceeding
A14: EMP092 | B14: Emily | C14: Johnson | D14: =_xlfn.CONCAT(B14," ",C14) -> Emily Johnson | E14: OPS06 | F14: 05/22/2016 | G14: 81167 | H14: 65 | I14: Active | J14: =VLOOKUP(E14,Lookup_Departments!$A$2:$A$7:'Lookup_Departments'!$B$2:$B$7,2,FALSE) -> Operations | K14: =IF(G14=0,AVERAGEIF(J:J,J14,G:G),G14) -> 81167 | L14: =ROUND(YEARFRAC(F14,TODAY()),2) -> 10.17 | M14: =_xlfn.IFS(H14<=49,"Needs Improvement",H14<=69,"Developing",H14<=84,"Achiving",H14<=94,"Exceeding",H14<=100,"Outstanding") -> Developing
A15: EMP089 | B15: Sarah | C15: Smith | D15: =_xlfn.CONCAT(B15," ",C15) -> Sarah Smith | E15: SAL05 | F15: 05/11/2023 | G15: $110,618 | H15: 88 | I15: Resigned | J15: =VLOOKUP(E15,Lookup_Departments!$A$2:$A$7:'Lookup_Departments'!$B$2:$B$7,2,FALSE) -> Sales | K15: =IF(G15=0,AVERAGEIF(J:J,J15,G:G),G15) -> $110,618 | L15: =ROUND(YEARFRAC(F15,TODAY()),2) -> 3.2 | M15: =_xlfn.IFS(H15<=49,"Needs Improvement",H15<=69,"Developing",H15<=84,"Achiving",H15<=94,"Exceeding",H15<=100,"Outstanding") -> Exceeding
A16: EMP039 | B16: Jane | C16: Miller | D16: =_xlfn.CONCAT(B16," ",C16) -> Jane Miller | E16: MKT04 | F16: 05/10/2017 | G16: 48748 | H16: 83 | I16: Active | J16: =VLOOKUP(E16,Lookup_Departments!$A$2:$A$7:'Lookup_Departments'!$B$2:$B$7,2,FALSE) -> Marketing | K16: =IF(G16=0,AVERAGEIF(J:J,J16,G:G),G16) -> 48748 | L16: =ROUND(YEARFRAC(F16,TODAY()),2) -> 9.2 | M16: =_xlfn.IFS(H16<=49,"Needs Improvement",H16<=69,"Developing",H16<=84,"Achiving",H16<=94,"Exceeding",H16<=100,"Outstanding") -> Achiving
A17: EMP138 | B17: Sarah | C17: Rodriguez | D17: =_xlfn.CONCAT(B17," ",C17) -> Sarah Rodriguez | E17: HR01 | F17: 04/20/2023 | G17: 115260 | H17: 77 | I17: Active | J17: =VLOOKUP(E17,Lookup_Departments!$A$2:$A$7:'Lookup_Departments'!$B$2:$B$7,2,FALSE) -> Human Resources | K17: =IF(G17=0,AVERAGEIF(J:J,J17,G:G),G17) -> 115260 | L17: =ROUND(YEARFRAC(F17,TODAY()),2) -> 3.26 | M17: =_xlfn.IFS(H17<=49,"Needs Improvement",H17<=69,"Developing",H17<=84,"Achiving",H17<=94,"Exceeding",H17<=100,"Outstanding") -> Achiving
A18: EMP035 | B18: John | C18: Jones | D18: =_xlfn.CONCAT(B18," ",C18) -> John Jones | E18: IT02 | F18: 03/08/2019 | G18: 79893.409 | H18: 33 | I18: Active | J18: =VLOOKUP(E18,Lookup_Departments!$A$2:$A$7:'Lookup_Departments'!$B$2:$B$7,2,FALSE) -> Information Technology | K18: =IF(G18=0,AVERAGEIF(J:J,J18,G:G),G18) -> 79893.409 | L18: =ROUND(YEARFRAC(F18,TODAY()),2) -> 7.37 | M18: =_xlfn.IFS(H18<=49,"Needs Improvement",H18<=69,"Developing",H18<=84,"Achiving",H18<=94,"Exceeding",H18<=100,"Outstanding") -> Needs Improvement
A19: EMP040 | B19: Jane | C19: Rodriguez | D19: =_xlfn.CONCAT(B19," ",C19) -> Jane Rodriguez | E19: IT02 | F19: 02/19/2017 | G19: $86,246 | H19: 61 | I19: Active | J19: =VLOOKUP(E19,Lookup_Departments!$A$2:$A$7:'Lookup_Departments'!$B$2:$B$7,2,FALSE) -> Information Technology | K19: =IF(G19=0,AVERAGEIF(J:J,J19,G:G),G19) -> $86,246 | L19: =ROUND(YEARFRAC(F19,TODAY()),2) -> 9.43 | M19: =_xlfn.IFS(H19<=49,"Needs Improvement",H19<=69,"Developing",H19<=84,"Achiving",H19<=94,"Exceeding",H19<=100,"Outstanding") -> Developing
A20: EMP033 | B20: David | C20: Martinez | D20: =_xlfn.CONCAT(B20," ",C20) -> David Martinez | E20: HR01 | F20: 02/07/2018 | G20: 91655 | H20: 95 | I20: Active | J20: =VLOOKUP(E20,Lookup_Departments!$A$2:$A$7:'Lookup_Departments'!$B$2:$B$7,2,FALSE) -> Human Resources | K20: =IF(G20=0,AVERAGEIF(J:J,J20,G:G),G20) -> 91655 | L20: =ROUND(YEARFRAC(F20,TODAY()),2) -> 8.46 | M20: =_xlfn.IFS(H20<=49,"Needs Improvement",H20<=69,"Developing",H20<=84,"Achiving",H20<=94,"Exceeding",H20<=100,"Outstanding") -> Outstanding
A21: EMP122 | C21: Jones | D21: =_xlfn.CONCAT(B21," ",C21) -> Jones | E21: IT02 | F21: 01/12/2019 | G21: 112887 | H21: 59 | I21: Active | J21: =VLOOKUP(E21,Lookup_Departments!$A$2:$A$7:'Lookup_Departments'!$B$2:$B$7,2,FALSE) -> Information Technology | K21: =IF(G21=0,AVERAGEIF(J:J,J21,G:G),G21) -> 112887 | L21: =ROUND(YEARFRAC(F21,TODAY()),2) -> 7.53 | M21: =_xlfn.IFS(H21<=49,"Needs Improvement",H21<=69,"Developing",H21<=84,"Achiving",H21<=94,"Exceeding",H21<=100,"Outstanding") -> Developing
A22: EMP096 | B22: John | C22: Wilson | D22: =_xlfn.CONCAT(B22," ",C22) -> John Wilson | E22: OPS06 | F22: 45272 | G22: 59980 | H22: 70 | I22: Left | J22: =VLOOKUP(E22,Lookup_Departments!$A$2:$A$7:'Lookup_Departments'!$B$2:$B$7,2,FALSE) -> Operations | K22: =IF(G22=0,AVERAGEIF(J:J,J22,G:G),G22) -> 59980 | L22: =ROUND(YEARFRAC(F22,TODAY()),2) -> 2.61 | M22: =_xlfn.IFS(H22<=49,"Needs Improvement",H22<=69,"Developing",H22<=84,"Achiving",H22<=94,"Exceeding",H22<=100,"Outstanding") -> Achiving
A23: EMP061 | B23: Emily | C23: Brown | D23: =_xlfn.CONCAT(B23," ",C23) -> Emily Brown | E23: IT02 | F23: 45255 | G23: 49435 | H23: 65 | I23: Left | J23: =VLOOKUP(E23,Lookup_Departments!$A$2:$A$7:'Lookup_Departments'!$B$2:$B$7,2,FALSE) -> Information Technology | K23: =IF(G23=0,AVERAGEIF(J:J,J23,G:G),G23) -> 49435 | L23: =ROUND(YEARFRAC(F23,TODAY()),2) -> 2.66 | M23: =_xlfn.IFS(H23<=49,"Needs Improvement",H23<=69,"Developing",H23<=84,"Achiving",H23<=94,"Exceeding",H23<=100,"Outstanding") -> Developing
A24: EMP102 | B24: Emily | C24: Wilson | D24: =_xlfn.CONCAT(B24," ",C24) -> Emily Wilson | E24: SAL05 | F24: 45217 | G24: 110381 | H24: 93 | I24: Active | J24: =VLOOKUP(E24,Lookup_Departments!$A$2:$A$7:'Lookup_Departments'!$B$2:$B$7,2,FALSE) -> Sales | K24: =IF(G24=0,AVERAGEIF(J:J,J24,G:G),G24) -> 110381 | L24: =ROUND(YEARFRAC(F24,TODAY()),2) -> 2.76 | M24: =_xlfn.IFS(H24<=49,"Needs Improvement",H24<=69,"Developing",H24<=84,"Achiving",H24<=94,"Exceeding",H24<=100,"Outstanding") -> Exceeding
A25: EMP137 | B25: Michael | C25: Johnson | D25: =_xlfn.CONCAT(B25," ",C25) -> Michael Johnson | E25: IT02 | F25: 45195 | G25: 66069 | H25: 72 | I25: Active | J25: =VLOOKUP(E25,Lookup_Departments!$A$2:$A$7:'Lookup_Departments'!$B$2:$B$7,2,FALSE) -> Information Technology | K25: =IF(G25=0,AVERAGEIF(J:J,J25,G:G),G25) -> 66069 | L25: =ROUND(YEARFRAC(F25,TODAY()),2) -> 2.82 | M25: =_xlfn.IFS(H25<=49,"Needs Improvement",H25<=69,"Developing",H25<=84,"Achiving",H25<=94,"Exceeding",H25<=100,"Outstanding") -> Achiving
A26: EMP114 | B26: Melissa | C26: Wilson | D26: =_xlfn.CONCAT(B26," ",C26) -> Melissa Wilson | E26: IT02 | F26: 45171 | G26: 83724 | H26: 81 | I26: Resigned | J26: =VLOOKUP(E26,Lookup_Departments!$A$2:$A$7:'Lookup_Departments'!$B$2:$B$7,2,FALSE) -> Information Technology | K26: =IF(G26=0,AVERAGEIF(J:J,J26,G:G),G26) -> 83724 | L26: =ROUND(YEARFRAC(F26,TODAY()),2) -> 2.89 | M26: =_xlfn.IFS(H26<=49,"Needs Improvement",H26<=69,"Developing",H26<=84,"Achiving",H26<=94,"Exceeding",H26<=100,"Outstanding") -> Achiving
A27: EMP031 | B27: Thomas | C27: Rodriguez | D27: =_xlfn.CONCAT(B27," ",C27) -> Thomas Rodriguez | E27: SAL05 | F27: 45169 | G27: 65290 | H27: 77 | I27: Active | J27: =VLOOKUP(E27,Lookup_Departments!$A$2:$A$7:'Lookup_Departments'!$B$2:$B$7,2,FALSE) -> Sales | K27: =IF(G27=0,AVERAGEIF(J:J,J27,G:G),G27) -> 65290 | L27: =ROUND(YEARFRAC(F27,TODAY()),2) -> 2.89 | M27: =_xlfn.IFS(H27<=49,"Needs Improvement",H27<=69,"Developing",H27<=84,"Achiving",H27<=94,"Exceeding",H27<=100,"Outstanding") -> Achiving
A28: EMP052 | C28: Williams | D28: =_xlfn.CONCAT(B28," ",C28) -> Williams | E28: SAL05 | F28: 45134 | G28: 81205 | H28: 59 | I28: Active | J28: =VLOOKUP(E28,Lookup_Departments!$A$2:$A$7:'Lookup_Departments'!$B$2:$B$7,2,FALSE) -> Sales | K28: =IF(G28=0,AVERAGEIF(J:J,J28,G:G),G28) -> 81205 | L28: =ROUND(YEARFRAC(F28,TODAY()),2) -> 2.99 | M28: =_xlfn.IFS(H28<=49,"Needs Improvement",H28<=69,"Developing",H28<=84,"Achiving",H28<=94,"Exceeding",H28<=100,"Outstanding") -> Developing
A29: EMP042 | B29: Jane | C29: Anderson | D29: =_xlfn.CONCAT(B29," ",C29) -> Jane Anderson | E29: IT02 | F29: 45112 | G29: 79893.409 | H29: 54 | I29: Active | J29: =VLOOKUP(E29,Lookup_Departments!$A$2:$A$7:'Lookup_Departments'!$B$2:$B$7,2,FALSE) -> Information Technology | K29: =IF(G29=0,AVERAGEIF(J:J,J29,G:G),G29) -> 79893.409 | L29: =ROUND(YEARFRAC(F29,TODAY()),2) -> 3.05 | M29: =_xlfn.IFS(H29<=49,"Needs Improvement",H29<=69,"Developing",H29<=84,"Achiving",H29<=94,"Exceeding",H29<=100,"Outstanding") -> Developing
A30: EMP139 | B30: John | C30: Martinez | D30: =_xlfn.CONCAT(B30," ",C30) -> John Martinez | E30: FIN03 | F30: 45110 | G30: 103831 | H30: 70 | I30: Active | J30: =VLOOKUP(E30,Lookup_Departments!$A$2:$A$7:'Lookup_Departments'!$B$2:$B$7,2,FALSE) -> Finance | K30: =IF(G30=0,AVERAGEIF(J:J,J30,G:G),G30) -> 103831 | L30: =ROUND(YEARFRAC(F30,TODAY()),2) -> 3.05 | M30: =_xlfn.IFS(H30<=49,"Needs Improvement",H30<=69,"Developing",H30<=84,"Achiving",H30<=94,"Exceeding",H30<=100,"Outstanding") -> Achiving
A31: EMP044 | B31: William | C31: Davis | D31: =_xlfn.CONCAT(B31," ",C31) -> William Davis | E31: IT02 | F31: 45055 | G31: $49,942 | H31: 51 | I31: Active | J31: =VLOOKUP(E31,Lookup_Departments!$A$2:$A$7:'Lookup_Departments'!$B$2:$B$7,2,FALSE) -> Information Technology | K31: =IF(G31=0,AVERAGEIF(J:J,J31,G:G),G31) -> $49,942 | L31: =ROUND(YEARFRAC(F31,TODAY()),2) -> 3.2 | M31: =_xlfn.IFS(H31<=49,"Needs Improvement",H31<=69,"Developing",H31<=84,"Achiving",H31<=94,"Exceeding",H31<=100,"Outstanding") -> Developing
A32: EMP021 | B32: William | C32: Rodriguez | D32: =_xlfn.CONCAT(B32," ",C32) -> William Rodriguez | E32: FIN03 | F32: 45037 | G32: 85457 | H32: 79 | I32: Active | J32: =VLOOKUP(E32,Lookup_Departments!$A$2:$A$7:'Lookup_Departments'!$B$2:$B$7,2,FALSE) -> Finance | K32: =IF(G32=0,AVERAGEIF(J:J,J32,G:G),G32) -> 85457 | L32: =ROUND(YEARFRAC(F32,TODAY()),2) -> 3.25 | M32: =_xlfn.IFS(H32<=49,"Needs Improvement",H32<=69,"Developing",H32<=84,"Achiving",H32<=94,"Exceeding",H32<=100,"Outstanding") -> Achiving
A33: EMP075 | B33: Richard | C33: Davis | D33: =_xlfn.CONCAT(B33," ",C33) -> Richard Davis | E33: HR01 | F33: 44991 | G33: 106896 | H33: 52 | I33: Left | J33: =VLOOKUP(E33,Lookup_Departments!$A$2:$A$7:'Lookup_Departments'!$B$2:$B$7,2,FALSE) -> Human Resources | K33: =IF(G33=0,AVERAGEIF(J:J,J33,G:G),G33) -> 106896 | L33: =ROUND(YEARFRAC(F33,TODAY()),2) -> 3.38 | M33: =_xlfn.IFS(H33<=49,"Needs Improvement",H33<=69,"Developing",H33<=84,"Achiving",H33<=94,"Exceeding",H33<=100,"Outstanding") -> Developing
A34: EMP112 | B34: Thomas | C34: Smith | D34: =_xlfn.CONCAT(B34," ",C34) -> Thomas Smith | E34: IT02 | F34: 44977 | G34: 73785 | H34: 40 | I34: Left | J34: =VLOOKUP(E34,Lookup_Departments!$A$2:$A$7:'Lookup_Departments'!$B$2:$B$7,2,FALSE) -> Information Technology | K34: =IF(G34=0,AVERAGEIF(J:J,J34,G:G),G34) -> 73785 | L34: =ROUND(YEARFRAC(F34,TODAY()),2) -> 3.42 | M34: =_xlfn.IFS(H34<=49,"Needs Improvement",H34<=69,"Developing",H34<=84,"Achiving",H34<=94,"Exceeding",H34<=100,"Outstanding") -> Needs Improvement
A35: EMP003 | B35: Melissa | C35: Rodriguez | D35: =_xlfn.CONCAT(B35," ",C35) -> Melissa Rodriguez | E35: OPS06 | F35: 44930 | G35: 60623 | H35: 78 | I35: Active | J35: =VLOOKUP(E35,Lookup_Departments!$A$2:$A$7:'Lookup_Departments'!$B$2:$B$7,2,FALSE) -> Operations | K35: =IF(G35=0,AVERAGEIF(J:J,J35,G:G),G35) -> 60623 | L35: =ROUND(YEARFRAC(F35,TODAY()),2) -> 3.55 | M35: =_xlfn.IFS(H35<=49,"Needs Improvement",H35<=69,"Developing",H35<=84,"Achiving",H35<=94,"Exceeding",H35<=100,"Outstanding") -> Achiving
A36: EMP103 | B36: Amanda | C36: Brown | D36: =_xlfn.CONCAT(B36," ",C36) -> Amanda Brown | E36: IT02 | F36: 44848 | G36: $118,634 | H36: 91 | I36: Active | J36: =VLOOKUP(E36,Lookup_Departments!$A$2:$A$7:'Lookup_Departments'!$B$2:$B$7,2,FALSE) -> Information Technology | K36: =IF(G36=0,AVERAGEIF(J:J,J36,G:G),G36) -> $118,634 | L36: =ROUND(YEARFRAC(F36,TODAY()),2) -> 3.77 | M36: =_xlfn.IFS(H36<=49,"Needs Improvement",H36<=69,"Developing",H36<=84,"Achiving",H36<=94,"Exceeding",H36<=100,"Outstanding") -> Exceeding
A37: EMP091 | B37: Thomas | C37: Davis | D37: =_xlfn.CONCAT(B37," ",C37) -> Thomas Davis | E37: OPS06 | F37: 44827 | G37: 77933.083 | H37: 46 | I37: Left | J37: =VLOOKUP(E37,Lookup_Departments!$A$2:$A$7:'Lookup_Departments'!$B$2:$B$7,2,FALSE) -> Operations | K37: =IF(G37=0,AVERAGEIF(J:J,J37,G:G),G37) -> 77933.083 | L37: =ROUND(YEARFRAC(F37,TODAY()),2) -> 3.83 | M37: =_xlfn.IFS(H37<=49,"Needs Improvement",H37<=69,"Developing",H37<=84,"Achiving",H37<=94,"Exceeding",H37<=100,"Outstanding") -> Needs Improvement
A38: EMP041 | B38: James | C38: Gonzalez | D38: =_xlfn.CONCAT(B38," ",C38) -> James Gonzalez | E38: SAL05 | F38: 44819 | G38: 81083.353 | H38: 65 | I38: Left | J38: =VLOOKUP(E38,Lookup_Departments!$A$2:$A$7:'Lookup_Departments'!$B$2:$B$7,2,FALSE) -> Sales | K38: =IF(G38=0,AVERAGEIF(J:J,J38,G:G),G38) -> 81083.353 | L38: =ROUND(YEARFRAC(F38,TODAY()),2) -> 3.85 | M38: =_xlfn.IFS(H38<=49,"Needs Improvement",H38<=69,"Developing",H38<=84,"Achiving",H38<=94,"Exceeding",H38<=100,"Outstanding") -> Developing
A39: EMP010 | B39: Michael | C39: Rodriguez | D39: =_xlfn.CONCAT(B39," ",C39) -> Michael Rodriguez | E39: IT02 | F39: 44815 | G39: 93956 | H39: 50 | I39: Left | J39: =VLOOKUP(E39,Lookup_Departments!$A$2:$A$7:'Lookup_Departments'!$B$2:$B$7,2,FALSE) -> Information Technology | K39: =IF(G39=0,AVERAGEIF(J:J,J39,G:G),G39) -> 93956 | L39: =ROUND(YEARFRAC(F39,TODAY()),2) -> 3.86 | M39: =_xlfn.IFS(H39<=49,"Needs Improvement",H39<=69,"Developing",H39<=84,"Achiving",H39<=94,"Exceeding",H39<=100,"Outstanding") -> Developing
A40: EMP043 | B40: John | C40: Wilson | D40: =_xlfn.CONCAT(B40," ",C40) -> John Wilson | E40: OPS06 | F40: 44776 | G40: 111845 | H40: 98 | I40: Active | J40: =VLOOKUP(E40,Lookup_Departments!$A$2:$A$7:'Lookup_Departments'!$B$2:$B$7,2,FALSE) -> Operations | K40: =IF(G40=0,AVERAGEIF(J:J,J40,G:G),G40) -> 111845 | L40: =ROUND(YEARFRAC(F40,TODAY()),2) -> 3.97 | M40: =_xlfn.IFS(H40<=49,"Needs Improvement",H40<=69,"Developing",H40<=84,"Achiving",H40<=94,"Exceeding",H40<=100,"Outstanding") -> Outstanding
A41: EMP146 | B41: Thomas | C41: Rodriguez | D41: =_xlfn.CONCAT(B41," ",C41) -> Thomas Rodriguez | E41: IT02 | F41: 44765 | G41: $50,873 | H41: 90 | I41: Active | J41: =VLOOKUP(E41,Lookup_Departments!$A$2:$A$7:'Lookup_Departments'!$B$2:$B$7,2,FALSE) -> Information Technology | K41: =IF(G41=0,AVERAGEIF(J:J,J41,G:G),G41) -> $50,873 | L41: =ROUND(YEARFRAC(F41,TODAY()),2) -> 4 | M41: =_xlfn.IFS(H41<=49,"Needs Improvement",H41<=69,"Developing",H41<=84,"Achiving",H41<=94,"Exceeding",H41<=100,"Outstanding") -> Exceeding
A42: EMP062 | B42: Thomas | C42: Williams | D42: =_xlfn.CONCAT(B42," ",C42) -> Thomas Williams | E42: FIN03 | F42: 44759 | G42: 98299 | H42: 61 | I42: Active | J42: =VLOOKUP(E42,Lookup_Departments!$A$2:$A$7:'Lookup_Departments'!$B$2:$B$7,2,FALSE) -> Finance | K42: =IF(G42=0,AVERAGEIF(J:J,J42,G:G),G42) -> 98299 | L42: =ROUND(YEARFRAC(F42,TODAY()),2) -> 4.01 | M42: =_xlfn.IFS(H42<=49,"Needs Improvement",H42<=69,"Developing",H42<=84,"Achiving",H42<=94,"Exceeding",H42<=100,"Outstanding") -> Developing
A43: EMP135 | B43: Robert | C43: Martinez | D43: =_xlfn.CONCAT(B43," ",C43) -> Robert Martinez | E43: IT02 | F43: 44747 | G43: 118008 | H43: 71 | I43: Active | J43: =VLOOKUP(E43,Lookup_Departments!$A$2:$A$7:'Lookup_Departments'!$B$2:$B$7,2,FALSE) -> Information Technology | K43: =IF(G43=0,AVERAGEIF(J:J,J43,G:G),G43) -> 118008 | L43: =ROUND(YEARFRAC(F43,TODAY()),2) -> 4.05 | M43: =_xlfn.IFS(H43<=49,"Needs Improvement",H43<=69,"Developing",H43<=84,"Achiving",H43<=94,"Exceeding",H43<=100,"Outstanding") -> Achiving
A44: EMP082 | B44: Ashley | C44: Williams | D44: =_xlfn.CONCAT(B44," ",C44) -> Ashley Williams | E44: SAL05 | F44: 44728 | G44: 68655 | H44: 32 | I44: Active | J44: =VLOOKUP(E44,Lookup_Departments!$A$2:$A$7:'Lookup_Departments'!$B$2:$B$7,2,FALSE) -> Sales | K44: =IF(G44=0,AVERAGEIF(J:J,J44,G:G),G44) -> 68655 | L44: =ROUND(YEARFRAC(F44,TODAY()),2) -> 4.1 | M44: =_xlfn.IFS(H44<=49,"Needs Improvement",H44<=69,"Developing",H44<=84,"Achiving",H44<=94,"Exceeding",H44<=100,"Outstanding") -> Needs Improvement
A45: EMP107 | B45: Emily | C45: Martinez | D45: =_xlfn.CONCAT(B45," ",C45) -> Emily Martinez | E45: OPS06 | F45: 44711 | G45: 47794 | H45: 73 | I45: Left | J45: =VLOOKUP(E45,Lookup_Departments!$A$2:$A$7:'Lookup_Departments'!$B$2:$B$7,2,FALSE) -> Operations | K45: =IF(G45=0,AVERAGEIF(J:J,J45,G:G),G45) -> 47794 | L45: =ROUND(YEARFRAC(F45,TODAY()),2) -> 4.14 | M45: =_xlfn.IFS(H45<=49,"Needs Improvement",H45<=69,"Developing",H45<=84,"Achiving",H45<=94,"Exceeding",H45<=100,"Outstanding") -> Achiving
A46: EMP018 | B46: David | C46: Rodriguez | D46: =_xlfn.CONCAT(B46," ",C46) -> David Rodriguez | E46: IT02 | F46: 44674 | G46: 77819 | H46: 79 | I46: Active | J46: =VLOOKUP(E46,Lookup_Departments!$A$2:$A$7:'Lookup_Departments'!$B$2:$B$7,2,FALSE) -> Information Technology | K46: =IF(G46=0,AVERAGEIF(J:J,J46,G:G),G46) -> 77819 | L46: =ROUND(YEARFRAC(F46,TODAY()),2) -> 4.25 | M46: =_xlfn.IFS(H46<=49,"Needs Improvement",H46<=69,"Developing",H46<=84,"Achiving",H46<=94,"Exceeding",H46<=100,"Outstanding") -> Achiving
A47: EMP046 | B47: Richard | C47: Hernandez | D47: =_xlfn.CONCAT(B47," ",C47) -> Richard Hernandez | E47: MKT04 | F47: 44659 | G47: 112673 | H47: 65 | I47: Active | J47: =VLOOKUP(E47,Lookup_Departments!$A$2:$A$7:'Lookup_Departments'!$B$2:$B$7,2,FALSE) -> Marketing | K47: =IF(G47=0,AVERAGEIF(J:J,J47,G:G),G47) -> 112673 | L47: =ROUND(YEARFRAC(F47,TODAY()),2) -> 4.29 | M47: =_xlfn.IFS(H47<=49,"Needs Improvement",H47<=69,"Developing",H47<=84,"Achiving",H47<=94,"Exceeding",H47<=100,"Outstanding") -> Developing
A48: EMP064 | B48: Michael | C48: Wilson | D48: =_xlfn.CONCAT(B48," ",C48) -> Michael Wilson | E48: MKT04 | F48: 44653 | G48: 88155 | H48: 68 | I48: Active | J48: =VLOOKUP(E48,Lookup_Departments!$A$2:$A$7:'Lookup_Departments'!$B$2:$B$7,2,FALSE) -> Marketing | K48: =IF(G48=0,AVERAGEIF(J:J,J48,G:G),G48) -> 88155 | L48: =ROUND(YEARFRAC(F48,TODAY()),2) -> 4.31 | M48: =_xlfn.IFS(H48<=49,"Needs Improvement",H48<=69,"Developing",H48<=84,"Achiving",H48<=94,"Exceeding",H48<=100,"Outstanding") -> Developing
A49: EMP059 | B49: John | C49: Martinez | D49: =_xlfn.CONCAT(B49," ",C49) -> John Martinez | E49: HR01 | F49: 44643 | G49: 111920 | H49: 90 | I49: Left | J49: =VLOOKUP(E49,Lookup_Departments!$A$2:$A$7:'Lookup_Departments'!$B$2:$B$7,2,FALSE) -> Human Resources | K49: =IF(G49=0,AVERAGEIF(J:J,J49,G:G),G49) -> 111920 | L49: =ROUND(YEARFRAC(F49,TODAY()),2) -> 4.33 | M49: =_xlfn.IFS(H49<=49,"Needs Improvement",H49<=69,"Developing",H49<=84,"Achiving",H49<=94,"Exceeding",H49<=100,"Outstanding") -> Exceeding
A50: EMP022 | B50: Melissa | C50: Hernandez | D50: =_xlfn.CONCAT(B50," ",C50) -> Melissa Hernandez | E50: OPS06 | F50: 44639 | G50: 108395 | H50: 78 | I50: Left | J50: =VLOOKUP(E50,Lookup_Departments!$A$2:$A$7:'Lookup_Departments'!$B$2:$B$7,2,FALSE) -> Operations | K50: =IF(G50=0,AVERAGEIF(J:J,J50,G:G),G50) -> 108395 | L50: =ROUND(YEARFRAC(F50,TODAY()),2) -> 4.34 | M50: =_xlfn.IFS(H50<=49,"Needs Improvement",H50<=69,"Developing",H50<=84,"Achiving",H50<=94,"Exceeding",H50<=100,"Outstanding") -> Achiving
A51: EMP069 | B51: Jane | C51: Davis | D51: =_xlfn.CONCAT(B51," ",C51) -> Jane Davis | E51: HR01 | F51: 44612 | G51: 93290 | H51: 53 | I51: Active | J51: =VLOOKUP(E51,Lookup_Departments!$A$2:$A$7:'Lookup_Departments'!$B$2:$B$7,2,FALSE) -> Human Resources | K51: =IF(G51=0,AVERAGEIF(J:J,J51,G:G),G51) -> 93290 | L51: =ROUND(YEARFRAC(F51,TODAY()),2) -> 4.42 | M51: =_xlfn.IFS(H51<=49,"Needs Improvement",H51<=69,"Developing",H51<=84,"Achiving",H51<=94,"Exceeding",H51<=100,"Outstanding") -> Developing
A52: EMP125 | B52: Jane | C52: Martinez | D52: =_xlfn.CONCAT(B52," ",C52) -> Jane Martinez | E52: HR01 | F52: 44578 | G52: 59899 | H52: 78 | I52: Active | J52: =VLOOKUP(E52,Lookup_Departments!$A$2:$A$7:'Lookup_Departments'!$B$2:$B$7,2,FALSE) -> Human Resources | K52: =IF(G52=0,AVERAGEIF(J:J,J52,G:G),G52) -> 59899 | L52: =ROUND(YEARFRAC(F52,TODAY()),2) -> 4.51 | M52: =_xlfn.IFS(H52<=49,"Needs Improvement",H52<=69,"Developing",H52<=84,"Achiving",H52<=94,"Exceeding",H52<=100,"Outstanding") -> Achiving
A53: EMP007 | B53: Sarah | C53: Wilson | D53: =_xlfn.CONCAT(B53," ",C53) -> Sarah Wilson | E53: SAL05 | F53: 44500 | G53: 81083.353 | H53: 49 | I53: Active | J53: =VLOOKUP(E53,Lookup_Departments!$A$2:$A$7:'Lookup_Departments'!$B$2:$B$7,2,FALSE) -> Sales | K53: =IF(G53=0,AVERAGEIF(J:J,J53,G:G),G53) -> 81083.353 | L53: =ROUND(YEARFRAC(F53,TODAY()),2) -> 4.73 | M53: =_xlfn.IFS(H53<=49,"Needs Improvement",H53<=69,"Developing",H53<=84,"Achiving",H53<=94,"Exceeding",H53<=100,"Outstanding") -> Needs Improvement
... A57: EMP118 | B57: Melissa | C57: Anderson | D57: =_xlfn.CONCAT(B57," ",C57) -> Melissa Anderson | E57: OPS06 | F57: 44422 | G57: 46508 | H57: 34 | I57: Active | J57: =VLOOKUP(E57,Lookup_Departments!$A$2:$A$7:'Lookup_Departments'!$B$2:$B$7,2,FALSE) -> Operations | K57: =IF(G57=0,AVERAGEIF(J:J,J57,G:G),G57) -> 46508 | L57: =ROUND(YEARFRAC(F57,TODAY()),2) -> 4.94 | M57: =_xlfn.IFS(H57<=49,"Needs Improvement",H57<=69,"Developing",H57<=84,"Achiving",H57<=94,"Exceeding",H57<=100,"Outstanding") -> Needs Improvement
A58: EMP014 | B58: Thomas | C58: Jones | D58: =_xlfn.CONCAT(B58," ",C58) -> Thomas Jones | E58: OPS06 | F58: 44421 | G58: $109,121 | H58: 72 | I58: Active | J58: =VLOOKUP(E58,Lookup_Departments!$A$2:$A$7:'Lookup_Departments'!$B$2:$B$7,2,FALSE) -> Operations | K58: =IF(G58=0,AVERAGEIF(J:J,J58,G:G),G58) -> $109,121 | L58: =ROUND(YEARFRAC(F58,TODAY()),2) -> 4.94 | M58: =_xlfn.IFS(H58<=49,"Needs Improvement",H58<=69,"Developing",H58<=84,"Achiving",H58<=94,"Exceeding",H58<=100,"Outstanding") -> Achiving
A59: EMP065 | B59: Melissa | C59: Williams | D59: =_xlfn.CONCAT(B59," ",C59) -> Melissa Williams | E59: HR01 | F59: 44402 | G59: 88223.692 | H59: 36 | I59: Active | J59: =VLOOKUP(E59,Lookup_Departments!$A$2:$A$7:'Lookup_Departments'!$B$2:$B$7,2,FALSE) -> Human Resources | K59: =IF(G59=0,AVERAGEIF(J:J,J59,G:G),G59) -> 88223.692 | L59: =ROUND(YEARFRAC(F59,TODAY()),2) -> 4.99 | M59: =_xlfn.IFS(H59<=49,"Needs Improvement",H59<=69,"Developing",H59<=84,"Achiving",H59<=94,"Exceeding",H59<=100,"Outstanding") -> Needs Improvement
A60: EMP142 | B60: James | C60: Jones | D60: =_xlfn.CONCAT(B60," ",C60) -> James Jones | E60: IT02 | F60: 44394 | G60: 91672 | H60: 88 | I60: Active | J60: =VLOOKUP(E60,Lookup_Departments!$A$2:$A$7:'Lookup_Departments'!$B$2:$B$7,2,FALSE) -> Information Technology | K60: =IF(G60=0,AVERAGEIF(J:J,J60,G:G),G60) -> 91672 | L60: =ROUND(YEARFRAC(F60,TODAY()),2) -> 5.01 | M60: =_xlfn.IFS(H60<=49,"Needs Improvement",H60<=69,"Developing",H60<=84,"Achiving",H60<=94,"Exceeding",H60<=100,"Outstanding") -> Exceeding
A61: EMP148 | B61: James | C61: Wilson | D61: =_xlfn.CONCAT(B61," ",C61) -> James Wilson | E61: SAL05 | F61: 44375 | G61: 81083.353 | H61: 52 | I61: Active | J61: =VLOOKUP(E61,Lookup_Departments!$A$2:$A$7:'Lookup_Departments'!$B$2:$B$7,2,FALSE) -> Sales | K61: =IF(G61=0,AVERAGEIF(J:J,J61,G:G),G61) -> 81083.353 | L61: =ROUND(YEARFRAC(F61,TODAY()),2) -> 5.07 | M61: =_xlfn.IFS(H61<=49,"Needs Improvement",H61<=69,"Developing",H61<=84,"Achiving",H61<=94,"Exceeding",H61<=100,"Outstanding") -> Developing
A62: EMP016 | B62: Jane | C62: Williams | D62: =_xlfn.CONCAT(B62," ",C62) -> Jane Williams | E62: MKT04 | F62: 44364 | G62: 61408 | H62: 48 | I62: Active | J62: =VLOOKUP(E62,Lookup_Departments!$A$2:$A$7:'Lookup_Departments'!$B$2:$B$7,2,FALSE) -> Marketing | K62: =IF(G62=0,AVERAGEIF(J:J,J62,G:G),G62) -> 61408 | L62: =ROUND(YEARFRAC(F62,TODAY()),2) -> 5.1 | M62: =_xlfn.IFS(H62<=49,"Needs Improvement",H62<=69,"Developing",H62<=84,"Achiving",H62<=94,"Exceeding",H62<=100,"Outstanding") -> Needs Improvement
A63: EMP013 | B63: Richard | C63: Hernandez | D63: =_xlfn.CONCAT(B63," ",C63) -> Richard Hernandez | E63: MKT04 | F63: 44353 | G63: 107871 | H63: 88 | I63: Active | J63: =VLOOKUP(E63,Lookup_Departments!$A$2:$A$7:'Lookup_Departments'!$B$2:$B$7,2,FALSE) -> Marketing | K63: =IF(G63=0,AVERAGEIF(J:J,J63,G:G),G63) -> 107871 | L63: =ROUND(YEARFRAC(F63,TODAY()),2) -> 5.13 | M63: =_xlfn.IFS(H63<=49,"Needs Improvement",H63<=69,"Developing",H63<=84,"Achiving",H63<=94,"Exceeding",H63<=100,"Outstanding") -> Exceeding
A64: EMP084 | B64: William | C64: Williams | D64: =_xlfn.CONCAT(B64," ",C64) -> William Williams | E64: MKT04 | F64: 44349 | G64: 66688 | H64: 40 | I64: Left | J64: =VLOOKUP(E64,Lookup_Departments!$A$2:$A$7:'Lookup_Departments'!$B$2:$B$7,2,FALSE) -> Marketing | K64: =IF(G64=0,AVERAGEIF(J:J,J64,G:G),G64) -> 66688 | L64: =ROUND(YEARFRAC(F64,TODAY()),2) -> 5.14 | M64: =_xlfn.IFS(H64<=49,"Needs Improvement",H64<=69,"Developing",H64<=84,"Achiving",H64<=94,"Exceeding",H64<=100,"Outstanding") -> Needs Improvement
A65: EMP074 | B65: David | C65: Williams | D65: =_xlfn.CONCAT(B65," ",C65) -> David Williams | E65: FIN03 | F65: 44234 | G65: 87938.5 | H65: 68 | I65: Active | J65: =VLOOKUP(E65,Lookup_Departments!$A$2:$A$7:'Lookup_Departments'!$B$2:$B$7,2,FALSE) -> Finance | K65: =IF(G65=0,AVERAGEIF(J:J,J65,G:G),G65) -> 87938.5 | L65: =ROUND(YEARFRAC(F65,TODAY()),2) -> 5.46 | M65: =_xlfn.IFS(H65<=49,"Needs Improvement",H65<=69,"Developing",H65<=84,"Achiving",H65<=94,"Exceeding",H65<=100,"Outstanding") -> Developing
A66: EMP119 | B66: Emily | C66: Garcia | D66: =_xlfn.CONCAT(B66," ",C66) -> Emily Garcia | E66: HR01 | F66: 44189 | G66: 118947 | H66: 96 | I66: Active | J66: =VLOOKUP(E66,Lookup_Departments!$A$2:$A$7:'Lookup_Departments'!$B$2:$B$7,2,FALSE) -> Human Resources | K66: =IF(G66=0,AVERAGEIF(J:J,J66,G:G),G66) -> 118947 | L66: =ROUND(YEARFRAC(F66,TODAY()),2) -> 5.58 | M66: =_xlfn.IFS(H66<=49,"Needs Improvement",H66<=69,"Developing",H66<=84,"Achiving",H66<=94,"Exceeding",H66<=100,"Outstanding") -> Outstanding
A67: EMP098 | B67: Jessica | C67: Smith | D67: =_xlfn.CONCAT(B67," ",C67) -> Jessica Smith | E67: OPS06 | F67: 44174 | G67: 68728 | H67: 45 | I67: Active | J67: =VLOOKUP(E67,Lookup_Departments!$A$2:$A$7:'Lookup_Departments'!$B$2:$B$7,2,FALSE) -> Operations | K67: =IF(G67=0,AVERAGEIF(J:J,J67,G:G),G67) -> 68728 | L67: =ROUND(YEARFRAC(F67,TODAY()),2) -> 5.62 | M67: =_xlfn.IFS(H67<=49,"Needs Improvement",H67<=69,"Developing",H67<=84,"Achiving",H67<=94,"Exceeding",H67<=100,"Outstanding") -> Needs Improvement
A68: EMP005 | B68: Thomas | C68: Garcia | D68: =_xlfn.CONCAT(B68," ",C68) -> Thomas Garcia | E68: OPS06 | F68: 44148 | G68: 77933.083 | H68: 75 | I68: Active | J68: =VLOOKUP(E68,Lookup_Departments!$A$2:$A$7:'Lookup_Departments'!$B$2:$B$7,2,FALSE) -> Operations | K68: =IF(G68=0,AVERAGEIF(J:J,J68,G:G),G68) -> 77933.083 | L68: =ROUND(YEARFRAC(F68,TODAY()),2) -> 5.69 | M68: =_xlfn.IFS(H68<=49,"Needs Improvement",H68<=69,"Developing",H68<=84,"Achiving",H68<=94,"Exceeding",H68<=100,"Outstanding") -> Achiving
A69: EMP078 | B69: Jane | C69: Johnson | D69: =_xlfn.CONCAT(B69," ",C69) -> Jane Johnson | E69: SAL05 | F69: 44081 | G69: 95292 | H69: 34 | I69: Active | J69: =VLOOKUP(E69,Lookup_Departments!$A$2:$A$7:'Lookup_Departments'!$B$2:$B$7,2,FALSE) -> Sales | K69: =IF(G69=0,AVERAGEIF(J:J,J69,G:G),G69) -> 95292 | L69: =ROUND(YEARFRAC(F69,TODAY()),2) -> 5.88 | M69: =_xlfn.IFS(H69<=49,"Needs Improvement",H69<=69,"Developing",H69<=84,"Achiving",H69<=94,"Exceeding",H69<=100,"Outstanding") -> Needs Improvement
A70: EMP067 | B70: Michael | C70: Anderson | D70: =_xlfn.CONCAT(B70," ",C70) -> Michael Anderson | E70: HR01 | F70: 44079 | G70: 114748 | H70: 33 | I70: Active | J70: =VLOOKUP(E70,Lookup_Departments!$A$2:$A$7:'Lookup_Departments'!$B$2:$B$7,2,FALSE) -> Human Resources | K70: =IF(G70=0,AVERAGEIF(J:J,J70,G:G),G70) -> 114748 | L70: =ROUND(YEARFRAC(F70,TODAY()),2) -> 5.88 | M70: =_xlfn.IFS(H70<=49,"Needs Improvement",H70<=69,"Developing",H70<=84,"Achiving",H70<=94,"Exceeding",H70<=100,"Outstanding") -> Needs Improvement
A71: EMP105 | B71: Richard | C71: Gonzalez | D71: =_xlfn.CONCAT(B71," ",C71) -> Richard Gonzalez | E71: IT02 | F71: 44073 | G71: 82633 | H71: 98 | I71: Active | J71: =VLOOKUP(E71,Lookup_Departments!$A$2:$A$7:'Lookup_Departments'!$B$2:$B$7,2,FALSE) -> Information Technology | K71: =IF(G71=0,AVERAGEIF(J:J,J71,G:G),G71) -> 82633 | L71: =ROUND(YEARFRAC(F71,TODAY()),2) -> 5.89 | M71: =_xlfn.IFS(H71<=49,"Needs Improvement",H71<=69,"Developing",H71<=84,"Achiving",H71<=94,"Exceeding",H71<=100,"Outstanding") -> Outstanding
A72: EMP121 | B72: James | C72: Johnson | D72: =_xlfn.CONCAT(B72," ",C72) -> James Johnson | E72: HR01 | F72: 44053 | G72: $68,092 | H72: 93 | I72: Active | J72: =VLOOKUP(E72,Lookup_Departments!$A$2:$A$7:'Lookup_Departments'!$B$2:$B$7,2,FALSE) -> Human Resources | K72: =IF(G72=0,AVERAGEIF(J:J,J72,G:G),G72) -> $68,092 | L72: =ROUND(YEARFRAC(F72,TODAY()),2) -> 5.95 | M72: =_xlfn.IFS(H72<=49,"Needs Improvement",H72<=69,"Developing",H72<=84,"Achiving",H72<=94,"Exceeding",H72<=100,"Outstanding") -> Exceeding
A73: EMP070 | B73: Jane | C73: Miller | D73: =_xlfn.CONCAT(B73," ",C73) -> Jane Miller | E73: MKT04 | F73: 44001 | G73: 99990 | H73: 54 | I73: Active | J73: =VLOOKUP(E73,Lookup_Departments!$A$2:$A$7:'Lookup_Departments'!$B$2:$B$7,2,FALSE) -> Marketing | K73: =IF(G73=0,AVERAGEIF(J:J,J73,G:G),G73) -> 99990 | L73: =ROUND(YEARFRAC(F73,TODAY()),2) -> 6.09 | M73: =_xlfn.IFS(H73<=49,"Needs Improvement",H73<=69,"Developing",H73<=84,"Achiving",H73<=94,"Exceeding",H73<=100,"Outstanding") -> Developing
A74: EMP060 | B74: Amanda | C74: Brown | D74: =_xlfn.CONCAT(B74," ",C74) -> Amanda Brown | E74: MKT04 | F74: 43996 | G74: $112,791 | H74: 87 | I74: Active | J74: =VLOOKUP(E74,Lookup_Departments!$A$2:$A$7:'Lookup_Departments'!$B$2:$B$7,2,FALSE) -> Marketing | K74: =IF(G74=0,AVERAGEIF(J:J,J74,G:G),G74) -> $112,791 | L74: =ROUND(YEARFRAC(F74,TODAY()),2) -> 6.11 | M74: =_xlfn.IFS(H74<=49,"Needs Improvement",H74<=69,"Developing",H74<=84,"Achiving",H74<=94,"Exceeding",H74<=100,"Outstanding") -> Exceeding
A75: EMP080 | B75: James | C75: Johnson | D75: =_xlfn.CONCAT(B75," ",C75) -> James Johnson | E75: MKT04 | F75: 43981 | G75: $75,023 | H75: 65 | I75: Active | J75: =VLOOKUP(E75,Lookup_Departments!$A$2:$A$7:'Lookup_Departments'!$B$2:$B$7,2,FALSE) -> Marketing | K75: =IF(G75=0,AVERAGEIF(J:J,J75,G:G),G75) -> $75,023 | L75: =ROUND(YEARFRAC(F75,TODAY()),2) -> 6.14 | M75: =_xlfn.IFS(H75<=49,"Needs Improvement",H75<=69,"Developing",H75<=84,"Achiving",H75<=94,"Exceeding",H75<=100,"Outstanding") -> Developing
A76: EMP073 | B76: James | C76: Rodriguez | D76: =_xlfn.CONCAT(B76," ",C76) -> James Rodriguez | E76: OPS06 | F76: 43971 | G76: 101997 | H76: 38 | I76: Resigned | J76: =VLOOKUP(E76,Lookup_Departments!$A$2:$A$7:'Lookup_Departments'!$B$2:$B$7,2,FALSE) -> Operations | K76: =IF(G76=0,AVERAGEIF(J:J,J76,G:G),G76) -> 101997 | L76: =ROUND(YEARFRAC(F76,TODAY()),2) -> 6.17 | M76: =_xlfn.IFS(H76<=49,"Needs Improvement",H76<=69,"Developing",H76<=84,"Achiving",H76<=94,"Exceeding",H76<=100,"Outstanding") -> Needs Improvement
A77: EMP079 | B77: David | C77: Hernandez | D77: =_xlfn.CONCAT(B77," ",C77) -> David Hernandez | E77: SAL05 | F77: 43958 | G77: 52407 | H77: 55 | I77: Active | J77: =VLOOKUP(E77,Lookup_Departments!$A$2:$A$7:'Lookup_Departments'!$B$2:$B$7,2,FALSE) -> Sales | K77: =IF(G77=0,AVERAGEIF(J:J,J77,G:G),G77) -> 52407 | L77: =ROUND(YEARFRAC(F77,TODAY()),2) -> 6.21 | M77: =_xlfn.IFS(H77<=49,"Needs Improvement",H77<=69,"Developing",H77<=84,"Achiving",H77<=94,"Exceeding",H77<=100,"Outstanding") -> Developing
A78: EMP128 | B78: Michael | C78: Smith | D78: =_xlfn.CONCAT(B78," ",C78) -> Michael Smith | E78: FIN03 | F78: 43949 | G78: 87938.5 | H78: 80 | I78: Left | J78: =VLOOKUP(E78,Lookup_Departments!$A$2:$A$7:'Lookup_Departments'!$B$2:$B$7,2,FALSE) -> Finance | K78: =IF(G78=0,AVERAGEIF(J:J,J78,G:G),G78) -> 87938.5 | L78: =ROUND(YEARFRAC(F78,TODAY()),2) -> 6.23 | M78: =_xlfn.IFS(H78<=49,"Needs Improvement",H78<=69,"Developing",H78<=84,"Achiving",H78<=94,"Exceeding",H78<=100,"Outstanding") -> Achiving
A79: EMP020 | B79: Emily | C79: Miller | D79: =_xlfn.CONCAT(B79," ",C79) -> Emily Miller | E79: SAL05 | F79: 43911 | G79: $118,635 | H79: 49 | I79: Active | J79: =VLOOKUP(E79,Lookup_Departments!$A$2:$A$7:'Lookup_Departments'!$B$2:$B$7,2,FALSE) -> Sales | K79: =IF(G79=0,AVERAGEIF(J:J,J79,G:G),G79) -> $118,635 | L79: =ROUND(YEARFRAC(F79,TODAY()),2) -> 6.34 | M79: =_xlfn.IFS(H79<=49,"Needs Improvement",H79<=69,"Developing",H79<=84,"Achiving",H79<=94,"Exceeding",H79<=100,"Outstanding") -> Needs Improvement
A80: EMP030 | B80: Emily | C80: Johnson | D80: =_xlfn.CONCAT(B80," ",C80) -> Emily Johnson | E80: OPS06 | F80: 43892 | G80: 115882 | H80: 49 | I80: Active | J80: =VLOOKUP(E80,Lookup_Departments!$A$2:$A$7:'Lookup_Departments'!$B$2:$B$7,2,FALSE) -> Operations | K80: =IF(G80=0,AVERAGEIF(J:J,J80,G:G),G80) -> 115882 | L80: =ROUND(YEARFRAC(F80,TODAY()),2) -> 6.39 | M80: =_xlfn.IFS(H80<=49,"Needs Improvement",H80<=69,"Developing",H80<=84,"Achiving",H80<=94,"Exceeding",H80<=100,"Outstanding") -> Needs Improvement
A81: EMP088 | B81: John | C81: Davis | D81: =_xlfn.CONCAT(B81," ",C81) -> John Davis | E81: IT02 | F81: 43887 | G81: 79893.409 | H81: 96 | I81: Active | J81: =VLOOKUP(E81,Lookup_Departments!$A$2:$A$7:'Lookup_Departments'!$B$2:$B$7,2,FALSE) -> Information Technology | K81: =IF(G81=0,AVERAGEIF(J:J,J81,G:G),G81) -> 79893.409 | L81: =ROUND(YEARFRAC(F81,TODAY()),2) -> 6.41 | M81: =_xlfn.IFS(H81<=49,"Needs Improvement",H81<=69,"Developing",H81<=84,"Achiving",H81<=94,"Exceeding",H81<=100,"Outstanding") -> Outstanding
A82: EMP115 | B82: James | C82: Gonzalez | D82: =_xlfn.CONCAT(B82," ",C82) -> James Gonzalez | E82: IT02 | F82: 43879 | G82: 53786 | H82: 98 | I82: Active | J82: =VLOOKUP(E82,Lookup_Departments!$A$2:$A$7:'Lookup_Departments'!$B$2:$B$7,2,FALSE) -> Information Technology | K82: =IF(G82=0,AVERAGEIF(J:J,J82,G:G),G82) -> 53786 | L82: =ROUND(YEARFRAC(F82,TODAY()),2) -> 6.43 | M82: =_xlfn.IFS(H82<=49,"Needs Improvement",H82<=69,"Developing",H82<=84,"Achiving",H82<=94,"Exceeding",H82<=100,"Outstanding") -> Outstanding
A83: EMP025 | B83: Robert | C83: Jones | D83: =_xlfn.CONCAT(B83," ",C83) -> Robert Jones | E83: MKT04 | F83: 43820 | G83: 80385 | H83: 65 | I83: Active | J83: =VLOOKUP(E83,Lookup_Departments!$A$2:$A$7:'Lookup_Departments'!$B$2:$B$7,2,FALSE) -> Marketing | K83: =IF(G83=0,AVERAGEIF(J:J,J83,G:G),G83) -> 80385 | L83: =ROUND(YEARFRAC(F83,TODAY()),2) -> 6.59 | M83: =_xlfn.IFS(H83<=49,"Needs Improvement",H83<=69,"Developing",H83<=84,"Achiving",H83<=94,"Exceeding",H83<=100,"Outstanding") -> Developing
A84: EMP063 | B84: Emily | C84: Gonzalez | D84: =_xlfn.CONCAT(B84," ",C84) -> Emily Gonzalez | E84: HR01 | F84: 43796 | G84: 86232 | H84: 93 | I84: Active | J84: =VLOOKUP(E84,Lookup_Departments!$A$2:$A$7:'Lookup_Departments'!$B$2:$B$7,2,FALSE) -> Human Resources | K84: =IF(G84=0,AVERAGEIF(J:J,J84,G:G),G84) -> 86232 | L84: =ROUND(YEARFRAC(F84,TODAY()),2) -> 6.65 | M84: =_xlfn.IFS(H84<=49,"Needs Improvement",H84<=69,"Developing",H84<=84,"Achiving",H84<=94,"Exceeding",H84<=100,"Outstanding") -> Exceeding
A85: EMP037 | B85: Sarah | C85: Williams | D85: =_xlfn.CONCAT(B85," ",C85) -> Sarah Williams | E85: IT02 | F85: 43686 | G85: 81896 | H85: 79 | I85: Resigned | J85: =VLOOKUP(E85,Lookup_Departments!$A$2:$A$7:'Lookup_Departments'!$B$2:$B$7,2,FALSE) -> Information Technology | K85: =IF(G85=0,AVERAGEIF(J:J,J85,G:G),G85) -> 81896 | L85: =ROUND(YEARFRAC(F85,TODAY()),2) -> 6.95 | M85: =_xlfn.IFS(H85<=49,"Needs Improvement",H85<=69,"Developing",H85<=84,"Achiving",H85<=94,"Exceeding",H85<=100,"Outstanding") -> Achiving
A86: EMP133 | B86: Melissa | C86: Johnson | D86: =_xlfn.CONCAT(B86," ",C86) -> Melissa Johnson | E86: MKT04 | F86: 43656 | G86: 91749 | H86: 72 | I86: Left | J86: =VLOOKUP(E86,Lookup_Departments!$A$2:$A$7:'Lookup_Departments'!$B$2:$B$7,2,FALSE) -> Marketing | K86: =IF(G86=0,AVERAGEIF(J:J,J86,G:G),G86) -> 91749 | L86: =ROUND(YEARFRAC(F86,TODAY()),2) -> 7.03 | M86: =_xlfn.IFS(H86<=49,"Needs Improvement",H86<=69,"Developing",H86<=84,"Achiving",H86<=94,"Exceeding",H86<=100,"Outstanding") -> Achiving
A87: EMP054 | B87: Thomas | C87: Jones | D87: =_xlfn.CONCAT(B87," ",C87) -> Thomas Jones | E87: FIN03 | F87: 43639 | G87: 83932 | H87: 57 | I87: Left | J87: =VLOOKUP(E87,Lookup_Departments!$A$2:$A$7:'Lookup_Departments'!$B$2:$B$7,2,FALSE) -> Finance | K87: =IF(G87=0,AVERAGEIF(J:J,J87,G:G),G87) -> 83932 | L87: =ROUND(YEARFRAC(F87,TODAY()),2) -> 7.08 | M87: =_xlfn.IFS(H87<=49,"Needs Improvement",H87<=69,"Developing",H87<=84,"Achiving",H87<=94,"Exceeding",H87<=100,"Outstanding") -> Developing
A88: EMP056 | B88: Sarah | C88: Brown | D88: =_xlfn.CONCAT(B88," ",C88) -> Sarah Brown | E88: IT02 | F88: 43626 | G88: 90157 | H88: 58 | I88: Active | J88: =VLOOKUP(E88,Lookup_Departments!$A$2:$A$7:'Lookup_Departments'!$B$2:$B$7,2,FALSE) -> Information Technology | K88: =IF(G88=0,AVERAGEIF(J:J,J88,G:G),G88) -> 90157 | L88: =ROUND(YEARFRAC(F88,TODAY()),2) -> 7.12 | M88: =_xlfn.IFS(H88<=49,"Needs Improvement",H88<=69,"Developing",H88<=84,"Achiving",H88<=94,"Exceeding",H88<=100,"Outstanding") -> Developing
A89: EMP117 | B89: Melissa | C89: Hernandez | D89: =_xlfn.CONCAT(B89," ",C89) -> Melissa Hernandez | E89: OPS06 | F89: 43609 | G89: $108,119 | H89: 57 | I89: Resigned | J89: =VLOOKUP(E89,Lookup_Departments!$A$2:$A$7:'Lookup_Departments'!$B$2:$B$7,2,FALSE) -> Operations | K89: =IF(G89=0,AVERAGEIF(J:J,J89,G:G),G89) -> $108,119 | L89: =ROUND(YEARFRAC(F89,TODAY()),2) -> 7.16 | M89: =_xlfn.IFS(H89<=49,"Needs Improvement",H89<=69,"Developing",H89<=84,"Achiving",H89<=94,"Exceeding",H89<=100,"Outstanding") -> Developing
A90: EMP124 | B90: Sarah | C90: Miller | D90: =_xlfn.CONCAT(B90," ",C90) -> Sarah Miller | E90: MKT04 | F90: 43599 | G90: 86693.133 | H90: 94 | I90: Active | J90: =VLOOKUP(E90,Lookup_Departments!$A$2:$A$7:'Lookup_Departments'!$B$2:$B$7,2,FALSE) -> Marketing | K90: =IF(G90=0,AVERAGEIF(J:J,J90,G:G),G90) -> 86693.133 | L90: =ROUND(YEARFRAC(F90,TODAY()),2) -> 7.19 | M90: =_xlfn.IFS(H90<=49,"Needs Improvement",H90<=69,"Developing",H90<=84,"Achiving",H90<=94,"Exceeding",H90<=100,"Outstanding") -> Exceeding
A91: EMP113 | B91: Richard | C91: Gonzalez | D91: =_xlfn.CONCAT(B91," ",C91) -> Richard Gonzalez | E91: HR01 | F91: 43590 | G91: 51567 | H91: 87 | I91: Resigned | J91: =VLOOKUP(E91,Lookup_Departments!$A$2:$A$7:'Lookup_Departments'!$B$2:$B$7,2,FALSE) -> Human Resources | K91: =IF(G91=0,AVERAGEIF(J:J,J91,G:G),G91) -> 51567 | L91: =ROUND(YEARFRAC(F91,TODAY()),2) -> 7.21 | M91: =_xlfn.IFS(H91<=49,"Needs Improvement",H91<=69,"Developing",H91<=84,"Achiving",H91<=94,"Exceeding",H91<=100,"Outstanding") -> Exceeding
A92: EMP111 | B92: Jane | C92: Gonzalez | D92: =_xlfn.CONCAT(B92," ",C92) -> Jane Gonzalez | E92: FIN03 | F92: 43575 | G92: 45196 | H92: 78 | I92: Left | J92: =VLOOKUP(E92,Lookup_Departments!$A$2:$A$7:'Lookup_Departments'!$B$2:$B$7,2,FALSE) -> Finance | K92: =IF(G92=0,AVERAGEIF(J:J,J92,G:G),G92) -> 45196 | L92: =ROUND(YEARFRAC(F92,TODAY()),2) -> 7.26 | M92: =_xlfn.IFS(H92<=49,"Needs Improvement",H92<=69,"Developing",H92<=84,"Achiving",H92<=94,"Exceeding",H92<=100,"Outstanding") -> Achiving
A93: EMP149 | B93: James | C93: Smith | D93: =_xlfn.CONCAT(B93," ",C93) -> James Smith | E93: OPS06 | F93: 43549 | G93: $66,606 | H93: 93 | I93: Resigned | J93: =VLOOKUP(E93,Lookup_Departments!$A$2:$A$7:'Lookup_Departments'!$B$2:$B$7,2,FALSE) -> Operations | K93: =IF(G93=0,AVERAGEIF(J:J,J93,G:G),G93) -> $66,606 | L93: =ROUND(YEARFRAC(F93,TODAY()),2) -> 7.33 | M93: =_xlfn.IFS(H93<=49,"Needs Improvement",H93<=69,"Developing",H93<=84,"Achiving",H93<=94,"Exceeding",H93<=100,"Outstanding") -> Exceeding
A94: EMP090 | B94: Sarah | C94: Miller | D94: =_xlfn.CONCAT(B94," ",C94) -> Sarah Miller | E94: SAL05 | F94: 43513 | G94: $95,686 | H94: 91 | I94: Active | J94: =VLOOKUP(E94,Lookup_Departments!$A$2:$A$7:'Lookup_Departments'!$B$2:$B$7,2,FALSE) -> Sales | K94: =IF(G94=0,AVERAGEIF(J:J,J94,G:G),G94) -> $95,686 | L94: =ROUND(YEARFRAC(F94,TODAY()),2) -> 7.43 | M94: =_xlfn.IFS(H94<=49,"Needs Improvement",H94<=69,"Developing",H94<=84,"Achiving",H94<=94,"Exceeding",H94<=100,"Outstanding") -> Exceeding
A95: EMP087 | B95: Emily | C95: Johnson | D95: =_xlfn.CONCAT(B95," ",C95) -> Emily Johnson | E95: SAL05 | F95: 43464 | G95: 80189 | H95: 30 | I95: Active | J95: =VLOOKUP(E95,Lookup_Departments!$A$2:$A$7:'Lookup_Departments'!$B$2:$B$7,2,FALSE) -> Sales | K95: =IF(G95=0,AVERAGEIF(J:J,J95,G:G),G95) -> 80189 | L95: =ROUND(YEARFRAC(F95,TODAY()),2) -> 7.56 | M95: =_xlfn.IFS(H95<=49,"Needs Improvement",H95<=69,"Developing",H95<=84,"Achiving",H95<=94,"Exceeding",H95<=100,"Outstanding") -> Needs Improvement
A96: EMP036 | C96: Smith | D96: =_xlfn.CONCAT(B96," ",C96) -> Smith | E96: SAL05 | F96: 43439 | G96: 80140 | H96: 58 | I96: Active | J96: =VLOOKUP(E96,Lookup_Departments!$A$2:$A$7:'Lookup_Departments'!$B$2:$B$7,2,FALSE) -> Sales | K96: =IF(G96=0,AVERAGEIF(J:J,J96,G:G),G96) -> 80140 | L96: =ROUND(YEARFRAC(F96,TODAY()),2) -> 7.63 | M96: =_xlfn.IFS(H96<=49,"Needs Improvement",H96<=69,"Developing",H96<=84,"Achiving",H96<=94,"Exceeding",H96<=100,"Outstanding") -> Developing
A97: EMP097 | B97: William | C97: Gonzalez | D97: =_xlfn.CONCAT(B97," ",C97) -> William Gonzalez | E97: OPS06 | F97: 43436 | G97: 68683 | H97: 90 | I97: Active | J97: =VLOOKUP(E97,Lookup_Departments!$A$2:$A$7:'Lookup_Departments'!$B$2:$B$7,2,FALSE) -> Operations | K97: =IF(G97=0,AVERAGEIF(J:J,J97,G:G),G97) -> 68683 | L97: =ROUND(YEARFRAC(F97,TODAY()),2) -> 7.64 | M97: =_xlfn.IFS(H97<=49,"Needs Improvement",H97<=69,"Developing",H97<=84,"Achiving",H97<=94,"Exceeding",H97<=100,"Outstanding") -> Exceeding
A98: EMP038 | B98: David | C98: Davis | D98: =_xlfn.CONCAT(B98," ",C98) -> David Davis | E98: IT02 | F98: 43360 | G98: $61,547 | H98: 68 | I98: Active | J98: =VLOOKUP(E98,Lookup_Departments!$A$2:$A$7:'Lookup_Departments'!$B$2:$B$7,2,FALSE) -> Information Technology | K98: =IF(G98=0,AVERAGEIF(J:J,J98,G:G),G98) -> $61,547 | L98: =ROUND(YEARFRAC(F98,TODAY()),2) -> 7.85 | M98: =_xlfn.IFS(H98<=49,"Needs Improvement",H98<=69,"Developing",H98<=84,"Achiving",H98<=94,"Exceeding",H98<=100,"Outstanding") -> Developing
A99: EMP055 | B99: William | C99: Williams | D99: =_xlfn.CONCAT(B99," ",C99) -> William Williams | E99: IT02 | F99: 43305 | G99: 62818 | H99: 34 | I99: Active | J99: =VLOOKUP(E99,Lookup_Departments!$A$2:$A$7:'Lookup_Departments'!$B$2:$B$7,2,FALSE) -> Information Technology | K99: =IF(G99=0,AVERAGEIF(J:J,J99,G:G),G99) -> 62818 | L99: =ROUND(YEARFRAC(F99,TODAY()),2) -> 7.99 | M99: =_xlfn.IFS(H99<=49,"Needs Improvement",H99<=69,"Developing",H99<=84,"Achiving",H99<=94,"Exceeding",H99<=100,"Outstanding") -> Needs Improvement
A100: EMP108 | B100: David | C100: Williams | D100: =_xlfn.CONCAT(B100," ",C100) -> David Williams | E100: HR01 | F100: 43301 | G100: 85151 | H100: 35 | I100: Active | J100: =VLOOKUP(E100,Lookup_Departments!$A$2:$A$7:'Lookup_Departments'!$B$2:$B$7,2,FALSE) -> Human Resources | K100: =IF(G100=0,AVERAGEIF(J:J,J100,G:G),G100) -> 85151 | L100: =ROUND(YEARFRAC(F100,TODAY()),2) -> 8.01 | M100: =_xlfn.IFS(H100<=49,"Needs Improvement",H100<=69,"Developing",H100<=84,"Achiving",H100<=94,"Exceeding",H100<=100,"Outstanding") -> Needs Improvement
A101: EMP029 | B101: John | C101: Gonzalez | D101: =_xlfn.CONCAT(B101," ",C101) -> John Gonzalez | E101: SAL05 | F101: 43283 | G101: 81083.353 | H101: 72 | I101: Left | J101: =VLOOKUP(E101,Lookup_Departments!$A$2:$A$7:'Lookup_Departments'!$B$2:$B$7,2,FALSE) -> Sales | K101: =IF(G101=0,AVERAGEIF(J:J,J101,G:G),G101) -> 81083.353 | L101: =ROUND(YEARFRAC(F101,TODAY()),2) -> 8.06 | M101: =_xlfn.IFS(H101<=49,"Needs Improvement",H101<=69,"Developing",H101<=84,"Achiving",H101<=94,"Exceeding",H101<=100,"Outstanding") -> Achiving
A102: EMP110 | B102: Melissa | C102: Johnson | D102: =_xlfn.CONCAT(B102," ",C102) -> Melissa Johnson | E102: IT02 | F102: 43270 | G102: $88,056 | H102: 66 | I102: Active | J102: =VLOOKUP(E102,Lookup_Departments!$A$2:$A$7:'Lookup_Departments'!$B$2:$B$7,2,FALSE) -> Information Technology | K102: =IF(G102=0,AVERAGEIF(J:J,J102,G:G),G102) -> $88,056 | L102: =ROUND(YEARFRAC(F102,TODAY()),2) -> 8.09 | M102: =_xlfn.IFS(H102<=49,"Needs Improvement",H102<=69,"Developing",H102<=84,"Achiving",H102<=94,"Exceeding",H102<=100,"Outstanding") -> Developing
A103: EMP131 | B103: John | C103: Hernandez | D103: =_xlfn.CONCAT(B103," ",C103) -> John Hernandez | E103: OPS06 | F103: 43257 | G103: 52720 | H103: 68 | I103: Active | J103: =VLOOKUP(E103,Lookup_Departments!$A$2:$A$7:'Lookup_Departments'!$B$2:$B$7,2,FALSE) -> Operations | K103: =IF(G103=0,AVERAGEIF(J:J,J103,G:G),G103) -> 52720 | L103: =ROUND(YEARFRAC(F103,TODAY()),2) -> 8.13 | M103: =_xlfn.IFS(H103<=49,"Needs Improvement",H103<=69,"Developing",H103<=84,"Achiving",H103<=94,"Exceeding",H103<=100,"Outstanding") -> Developing
...

Sheet Lookup_Departments
A1: Dept_Code | B1: Department_Name
A2: HR01 | B2: Human Resources
A3: IT02 | B3: Information Technology
A4: FIN03 | B4: Finance
A5: MKT04 | B5: Marketing
A6: SAL05 | B6: Sales
A7: OPS06 | B7: Operations

Sheet Lookup_Performance
A1: Min_Score | B1: Max_Score | C1: Performance_Band | D1: Bonus_Percentage
A2: 0 | B2: 49 | C2: Needs Improvement | D2: 0
A3: 50 | B3: 69 | C3: Developing | D3: 0.02
A4: 70 | B4: 84 | C4: Achieving | D4: 0.05
A5: 85 | B5: 94 | C5: Exceeding | D5: 0.08
A6: 95 | B6: 100 | C6: Outstanding | D6: 0.12

Sheet Detail1
A1: Details for column - Employment Status: Active
A3: Emp ID | B3: First_Name | C3: Last_Name | D3: Column2 | E3: Dept Code | F3: Hire Date | G3: Salary | H3: Perf_Score | I3: Employment Status | J3: DEPARTMENT | K3: SALARY2 | L3: YEAR OF SERVICE | M3: perf band | N3: BONUS
A4: EMP139 | B4: John | C4: Martinez | D4: John Martinez | E4: FIN03 | F4: 45110 | G4: 103831 | H4: 70 | I4: Active | J4: Finance | K4: 103831 | L4: 3.03 | M4: Achiving
A5: EMP095 | C5: Rodriguez | D5: Rodriguez | E5: FIN03 | F5: 43107 | G5: 102139 | H5: 79 | I5: Active | J5: Finance | K5: 102139 | L5: 8.52 | M5: Achiving
A6: EMP019 | B6: Michael | C6: Hernandez | D6: Michael Hernandez | E6: FIN03 | F6: 43076 | G6: 118527 | H6: 50 | I6: Active | J6: Finance | K6: 118527 | L6: 8.61 | M6: Developing
A7: EMP021 | B7: William | C7: Rodriguez | D7: William Rodriguez | E7: FIN03 | F7: 45037 | G7: 85457 | H7: 79 | I7: Active | J7: Finance | K7: 85457 | L7: 3.23 | M7: Achiving
A8: EMP032 | B8: Jessica | C8: Johnson | D8: Jessica Johnson | E8: FIN03 | F8: 42565 | G8: 100851 | H8: 64 | I8: Active | J8: Finance | K8: 100851 | L8: 10 | M8: Developing
A9: EMP099 | B9: Michael | C9: Wilson | D9: Michael Wilson | E9: FIN03 | F9: 43233 | G9: 85312 | H9: 66 | I9: Active | J9: Finance | K9: 85312 | L9: 8.17 | M9: Developing
A10: EMP085 | B10: Emily | C10: Jones | D10: Emily Jones | E10: FIN03 | F10: 42919 | G10: 113389 | H10: 30 | I10: Active | J10: Finance | K10: 113389 | L10: 9.03 | M10: Needs Improvement
A11: EMP053 | B11: Richard | C11: Williams | D11: Richard Williams | E11: FIN03 | F11: 10/22/2015 | G11: 87938.5 | H11: 62 | I11: Active | J11: Finance | K11: 87938.5 | L11: 10.73 | M11: Developing
A12: EMP028 | B12: Thomas | C12: Rodriguez | D12: Thomas Rodriguez | E12: FIN03 | F12: 10/07/2019 | G12: 55920 | H12: 84 | I12: Active | J12: Finance | K12: 55920 | L12: 6.77 | M12: Achiving
A13: EMP058 | B13: Melissa | C13: Johnson | D13: Melissa Johnson | E13: FIN03 | F13: 43091 | G13: 88005 | H13: 69 | I13: Active | J13: Finance | K13: 88005 | L13: 8.56 | M13: Developing
A14: EMP011 | B14: Jane | C14: Davis | D14: Jane Davis | E14: FIN03 | F14: 42838 | G14: 103891 | H14: 80 | I14: Active | J14: Finance | K14: 103891 | L14: 9.26 | M14: Achiving
A15: EMP051 | B15: Jane | C15: Davis | D15: Jane Davis | E15: FIN03 | F15: 42433 | G15: 46390 | H15: 95 | I15: Active | J15: Finance | K15: 46390 | L15: 10.36 | M15: Outstanding
A16: EMP062 | B16: Thomas | C16: Williams | D16: Thomas Williams | E16: FIN03 | F16: 44759 | G16: 98299 | H16: 61 | I16: Active | J16: Finance | K16: 98299 | L16: 3.99 | M16: Developing
A17: EMP074 | B17: David | C17: Williams | D17: David Williams | E17: FIN03 | F17: 44234 | G17: 87938.5 | H17: 68 | I17: Active | J17: Finance | K17: 87938.5 | L17: 5.44 | M17: Developing
A18: EMP125 | B18: Jane | C18: Martinez | D18: Jane Martinez | E18: HR01 | F18: 44578 | G18: 59899 | H18: 78 | I18: Active | J18: Human Resources | K18: 59899 | L18: 4.49 | M18: Achiving
A19: EMP069 | B19: Jane | C19: Davis | D19: Jane Davis | E19: HR01 | F19: 44612 | G19: 93290 | H19: 53 | I19: Active | J19: Human Resources | K19: 93290 | L19: 4.4 | M19: Developing
A20: EMP119 | B20: Emily | C20: Garcia | D20: Emily Garcia | E20: HR01 | F20: 44189 | G20: 118947 | H20: 96 | I20: Active | J20: Human Resources | K20: 118947 | L20: 5.56 | M20: Outstanding
A21: EMP033 | B21: David | C21: Martinez | D21: David Martinez | E21: HR01 | F21: 02/07/2018 | G21: 91655 | H21: 95 | I21: Active | J21: Human Resources | K21: 91655 | L21: 8.44 | M21: Outstanding
A22: EMP067 | B22: Michael | C22: Anderson | D22: Michael Anderson | E22: HR01 | F22: 44079 | G22: 114748 | H22: 33 | I22: Active | J22: Human Resources | K22: 114748 | L22: 5.86 | M22: Needs Improvement
A23: EMP049 | B23: David | C23: Anderson | D23: David Anderson | E23: HR01 | F23: 42944 | G23: $115,618 | H23: 42 | I23: Active | J23: Human Resources | K23: $115,618 | L23: 8.96 | M23: Needs Improvement
A24: EMP065 | B24: Melissa | C24: Williams | D24: Melissa Williams | E24: HR01 | F24: 44402 | G24: 88223.692 | H24: 36 | I24: Active | J24: Human Resources | K24: 88223.692 | L24: 4.97 | M24: Needs Improvement
A25: EMP045 | B25: Robert | C25: Miller | D25: Robert Miller | E25: HR01 | F25: 43008 | G25: 55270 | H25: 87 | I25: Active | J25: Human Resources | K25: 55270 | L25: 8.79 | M25: Exceeding
A26: EMP108 | B26: David | C26: Williams | D26: David Williams | E26: HR01 | F26: 43301 | G26: 85151 | H26: 35 | I26: Active | J26: Human Resources | K26: 85151 | L26: 7.99 | M26: Needs Improvement
A27: EMP048 | B27: Richard | C27: Smith | D27: Richard Smith | E27: HR01 | F27: 09/29/2018 | G27: $47,694 | H27: 75 | I27: Active | J27: Human Resources | K27: $47,694 | L27: 7.79 | M27: Achiving
A28: EMP121 | B28: James | C28: Johnson | D28: James Johnson | E28: HR01 | F28: 44053 | G28: $68,092 | H28: 93 | I28: Active | J28: Human Resources | K28: $68,092 | L28: 5.93 | M28: Exceeding
A29: EMP063 | B29: Emily | C29: Gonzalez | D29: Emily Gonzalez | E29: HR01 | F29: 43796 | G29: 86232 | H29: 93 | I29: Active | J29: Human Resources | K29: 86232 | L29: 6.63 | M29: Exceeding
A30: EMP006 | B30: Jessica | C30: Anderson | D30: Jessica Anderson | E30: HR01 | F30: 42304 | G30: 56073 | H30: 79 | I30: Active | J30: Human Resources | K30: 56073 | L30: 10.72 | M30: Achiving
A31: EMP138 | B31: Sarah | C31: Rodriguez | D31: Sarah Rodriguez | E31: HR01 | F31: 04/20/2023 | G31: 115260 | H31: 77 | I31: Active | J31: Human Resources | K31: 115260 | L31: 3.24 | M31: Achiving
A32: EMP143 | B32: Jessica | C32: Gonzalez | D32: Jessica Gonzalez | E32: HR01 | F32: 42687 | G32: $77,737 | H32: 77 | I32: Active | J32: Human Resources | K32: $77,737 | L32: 9.67 | M32: Achiving
A33: EMP127 | B33: Emily | C33: Brown | D33: Emily Brown | E33: IT02 | F33: 43093 | G33: 50361 | H33: 52 | I33: Active | J33: Information Technology | K33: 50361 | L33: 8.56 | M33: Developing | N33: #N/A
A34: EMP103 | B34: Amanda | C34: Brown | D34: Amanda Brown | E34: IT02 | F34: 44848 | G34: $118,634 | H34: 91 | I34: Active | J34: Information Technology | K34: $118,634 | L34: 3.75 | M34: Exceeding
A35: EMP057 | B35: Emily | C35: Hernandez | D35: Emily Hernandez | E35: IT02 | F35: 42425 | G35: 76918 | H35: 62 | I35: Active | J35: Information Technology | K35: 76918 | L35: 10.39 | M35: Developing
A36: EMP126 | B36: Emily | C36: Davis | D36: Emily Davis | E36: IT02 | F36: 42337 | G36: 105765 | H36: 42 | I36: Active | J36: Information Technology | K36: 105765 | L36: 10.63 | M36: Needs Improvement
A37: EMP120 | B37: Amanda | C37: Gonzalez | D37: Amanda Gonzalez | E37: IT02 | F37: 42575 | G37: 79893.409 | H37: 75 | I37: Active | J37: Information Technology | K37: 79893.409 | L37: 9.98 | M37: Achiving
A38: EMP146 | B38: Thomas | C38: Rodriguez | D38: Thomas Rodriguez | E38: IT02 | F38: 44765 | G38: $50,873 | H38: 90 | I38: Active | J38: Information Technology | K38: $50,873 | L38: 3.98 | M38: Exceeding
A39: EMP137 | B39: Michael | C39: Johnson | D39: Michael Johnson | E39: IT02 | F39: 45195 | G39: 66069 | H39: 72 | I39: Active | J39: Information Technology | K39: 66069 | L39: 2.8 | M39: Achiving
A40: EMP056 | B40: Sarah | C40: Brown | D40: Sarah Brown | E40: IT02 | F40: 43626 | G40: 90157 | H40: 58 | I40: Active | J40: Information Technology | K40: 90157 | L40: 7.1 | M40: Developing
A41: EMP106 | C41: Brown | D41: Brown | E41: IT02 | F41: 42248 | G41: 102691 | H41: 52 | I41: Active | J41: Information Technology | K41: 102691 | L41: 10.87 | M41: Developing
A42: EMP122 | C42: Jones | D42: Jones | E42: IT02 | F42: 01/12/2019 | G42: 112887 | H42: 59 | I42: Active | J42: Information Technology | K42: 112887 | L42: 7.51 | M42: Developing
A43: EMP088 | B43: John | C43: Davis | D43: John Davis | E43: IT02 | F43: 43887 | G43: 79893.409 | H43: 96 | I43: Active | J43: Information Technology | K43: 79893.409 | L43: 6.39 | M43: Outstanding
A44: EMP038 | B44: David | C44: Davis | D44: David Davis | E44: IT02 | F44: 43360 | G44: $61,547 | H44: 68 | I44: Active | J44: Information Technology | K44: $61,547 | L44: 7.83 | M44: Developing
A45: EMP042 | B45: Jane | C45: Anderson | D45: Jane Anderson | E45: IT02 | F45: 45112 | G45: 79893.409 | H45: 54 | I45: Active | J45: Information Technology | K45: 79893.409 | L45: 3.03 | M45: Developing
A46: EMP123 | B46: Robert | C46: Miller | D46: Robert Miller | E46: IT02 | F46: 42122 | G46: $75,519 | H46: 64 | I46: Active | J46: Information Technology | K46: $75,519 | L46: 11.21 | M46: Developing
A47: EMP055 | B47: William | C47: Williams | D47: William Williams | E47: IT02 | F47: 43305 | G47: 62818 | H47: 34 | I47: Active | J47: Information Technology | K47: 62818 | L47: 7.98 | M47: Needs Improvement
A48: EMP040 | B48: Jane | C48: Rodriguez | D48: Jane Rodriguez | E48: IT02 | F48: 02/19/2017 | G48: $86,246 | H48: 61 | I48: Active | J48: Information Technology | K48: $86,246 | L48: 9.41 | M48: Developing
A49: EMP034 | B49: John | C49: Johnson | D49: John Johnson | E49: IT02 | F49: 10/04/2023 | G49: 52287 | H49: 70 | I49: Active | J49: Information Technology | K49: 52287 | L49: 2.78 | M49: Achiving
A50: EMP105 | B50: Richard | C50: Gonzalez | D50: Richard Gonzalez | E50: IT02 | F50: 44073 | G50: 82633 | H50: 98 | I50: Active | J50: Information Technology | K50: 82633 | L50: 5.88 | M50: Outstanding
A51: EMP094 | B51: Jane | C51: Davis | D51: Jane Davis | E51: IT02 | F51: 42880 | G51: $77,545 | H51: 48 | I51: Active | J51: Information Technology | K51: $77,545 | L51: 9.14 | M51: Needs Improvement
A52: EMP110 | B52: Melissa | C52: Johnson | D52: Melissa Johnson | E52: IT02 | F52: 43270 | G52: $88,056 | H52: 66 | I52: Active | J52: Information Technology | K52: $88,056 | L52: 8.07 | M52: Developing
A53: EMP081 | B53: John | C53: Johnson | D53: John Johnson | E53: IT02 | F53: 44482 | G53: 73087 | H53: 69 | I53: Active | J53: Information Technology | K53: 73087 | L53: 4.76 | M53: Developing
A54: EMP035 | B54: John | C54: Jones | D54: John Jones | E54: IT02 | F54: 03/08/2019 | G54: 79893.409 | H54: 33 | I54: Active | J54: Information Technology | K54: 79893.409 | L54: 7.35 | M54: Needs Improvement
A55: EMP044 | B55: William | C55: Davis | D55: William Davis | E55: IT02 | F55: 45055 | G55: $49,942 | H55: 51 | I55: Active | J55: Information Technology | K55: $49,942 | L55: 3.18 | M55: Developing
A56: EMP115 | B56: James | C56: Gonzalez | D56: James Gonzalez | E56: IT02 | F56: 43879 | G56: 53786 | H56: 98 | I56: Active | J56: Information Technology | K56: 53786 | L56: 6.41 | M56: Outstanding
A57: EMP142 | B57: James | C57: Jones | D57: James Jones | E57: IT02 | F57: 44394 | G57: 91672 | H57: 88 | I57: Active | J57: Information Technology | K57: 91672 | L57: 4.99 | M57: Exceeding
A58: EMP135 | B58: Robert | C58: Martinez | D58: Robert Martinez | E58: IT02 | F58: 44747 | G58: 118008 | H58: 71 | I58: Active | J58: Information Technology | K58: 118008 | L58: 4.03 | M58: Achiving
A59: EMP004 | B59: Thomas | C59: Miller | D59: Thomas Miller | E59: IT02 | F59: 07/10/2016 | G59: 74370 | H59: 82 | I59: Active | J59: Information Technology | K59: 74370 | L59: 10.01 | M59: Achiving
A60: EMP018 | B60: David | C60: Rodriguez | D60: David Rodriguez | E60: IT02 | F60: 44674 | G60: 77819 | H60: 79 | I60: Active | J60: Information Technology | K60: 77819 | L60: 4.23 | M60: Achiving
A61: EMP046 | B61: Richard | C61: Hernandez | D61: Richard Hernandez | E61: MKT04 | F61: 44659 | G61: 112673 | H61: 65 | I61: Active | J61: Marketing | K61: 112673 | L61: 4.27 | M61: Developing
A62: EMP093 | B62: James | C62: Rodriguez | D62: James Rodriguez | E62: MKT04 | F62: 42677 | G62: 93094 | H62: 74 | I62: Active | J62: Marketing | K62: 93094 | L62: 9.7 | M62: Achiving
A63: EMP016 | B63: Jane | C63: Williams | D63: Jane Williams | E63: MKT04 | F63: 44364 | G63: 61408 | H63: 48 | I63: Active | J63: Marketing | K63: 61408 | L63: 5.08 | M63: Needs Improvement
A64: EMP070 | B64: Jane | C64: Miller | D64: Jane Miller | E64: MKT04 | F64: 44001 | G64: 99990 | H64: 54 | I64: Active | J64: Marketing | K64: 99990 | L64: 6.07 | M64: Developing
A65: EMP025 | B65: Robert | C65: Jones | D65: Robert Jones | E65: MKT04 | F65: 43820 | G65: 80385 | H65: 65 | I65: Active | J65: Marketing | K65: 80385 | L65: 6.57 | M65: Developing
A66: EMP066 | B66: Ashley | C66: Lopez | D66: Ashley Lopez | E66: MKT04 | F66: 43235 | G66: 73984 | H66: 93 | I66: Active | J66: Marketing | K66: 73984 | L66: 8.17 | M66: Exceeding
A67: EMP013 | B67: Richard | C67: Hernandez | D67: Richard Hernandez | E67: MKT04 | F67: 44353 | G67: 107871 | H67: 88 | I67: Active | J67: Marketing | K67: 107871 | L67: 5.11 | M67: Exceeding
A68: EMP080 | B68: James | C68: Johnson | D68: James Johnson | E68: MKT04 | F68: 43981 | G68: $75,023 | H68: 65 | I68: Active | J68: Marketing | K68: $75,023 | L68: 6.13 | M68: Developing
A69: EMP130 | B69: Jane | C69: Garcia | D69: Jane Garcia | E69: MKT04 | F69: 08/29/2021 | G69: 83007 | H69: 82 | I69: Active | J69: Marketing | K69: 83007 | L69: 4.88 | M69: Achiving
A70: EMP145 | B70: Thomas | C70: Jones | D70: Thomas Jones | E70: MKT04 | F70: 11/11/2016 | G70: $50,936 | H70: 99 | I70: Active | J70: Marketing | K70: $50,936 | L70: 9.68 | M70: Outstanding
A71: EMP116 | B71: William | C71: Jones | D71: William Jones | E71: MKT04 | F71: 43183 | G71: 107903 | H71: 42 | I71: Active | J71: Marketing | K71: 107903 | L71: 8.31 | M71: Needs Improvement
A72: EMP064 | B72: Michael | C72: Wilson | D72: Michael Wilson | E72: MKT04 | F72: 44653 | G72: 88155 | H72: 68 | I72: Active | J72: Marketing | K72: 88155 | L72: 4.29 | M72: Developing
A73: EMP124 | B73: Sarah | C73: Miller | D73: Sarah Miller | E73: MKT04 | F73: 43599 | G73: 86693.133 | H73: 94 | I73: Active | J73: Marketing | K73: 86693.133 | L73: 7.17 | M73: Exceeding
A74: EMP008 | B74: Melissa | C74: Gonzalez | D74: Melissa Gonzalez | E74: MKT04 | F74: 42785 | G74: 82992 | H74: 79 | I74: Active | J74: Marketing | K74: 82992 | L74: 9.41 | M74: Achiving
A75: EMP060 | B75: Amanda | C75: Brown | D75: Amanda Brown | E75: MKT04 | F75: 43996 | G75: $112,791 | H75: 87 | I75: Active | J75: Marketing | K75: $112,791 | L75: 6.09 | M75: Exceeding
A76: EMP039 | B76: Jane | C76: Miller | D76: Jane Miller | E76: MKT04 | F76: 05/10/2017 | G76: 48748 | H76: 83 | I76: Active | J76: Marketing | K76: 48748 | L76: 9.18 | M76: Achiving
A77: EMP030 | B77: Emily | C77: Johnson | D77: Emily Johnson | E77: OPS06 | F77: 43892 | G77: 115882 | H77: 49 | I77: Active | J77: Operations | K77: 115882 | L77: 6.37 | M77: Needs Improvement
A78: EMP098 | B78: Jessica | C78: Smith | D78: Jessica Smith | E78: OPS06 | F78: 44174 | G78: 68728 | H78: 45 | I78: Active | J78: Operations | K78: 68728 | L78: 5.6 | M78: Needs Improvement
A79: EMP076 | B79: Thomas | C79: Hernandez | D79: Thomas Hernandez | E79: OPS06 | F79: 42221 | G79: 97055 | H79: 80 | I79: Active | J79: Operations | K79: 97055 | L79: 10.94 | M79: Achiving
A80: EMP043 | B80: John | C80: Wilson | D80: John Wilson | E80: OPS06 | F80: 44776 | G80: 111845 | H80: 98 | I80: Active | J80: Operations | K80: 111845 | L80: 3.95 | M80: Outstanding
A81: EMP027 | B81: Sarah | C81: Miller | D81: Sarah Miller | E81: OPS06 | F81: 09/09/2017 | G81: 57514 | H81: 65 | I81: Active | J81: Operations | K81: 57514 | L81: 8.85 | M81: Developing
A82: EMP104 | B82: Sarah | C82: Gonzalez | D82: Sarah Gonzalez | E82: OPS06 | F82: 42932 | G82: 65065 | H82: 98 | I82: Active | J82: Operations | K82: 65065 | L82: 9 | M82: Outstanding
A83: EMP131 | B83: John | C83: Hernandez | D83: John Hernandez | E83: OPS06 | F83: 43257 | G83: 52720 | H83: 68 | I83: Active | J83: Operations | K83: 52720 | L83: 8.11 | M83: Developing
A84: EMP023 | B84: Thomas | C84: Lopez | D84: Thomas Lopez | E84: OPS06 | F84: 42647 | G84: 105498 | H84: 76 | I84: Active | J84: Operations | K84: 105498 | L84: 9.78 | M84: Achiving
A85: EMP005 | B85: Thomas | C85: Garcia | D85: Thomas Garcia | E85: OPS06 | F85: 44148 | G85: 77933.083 | H85: 75 | I85: Active | J85: Operations | K85: 77933.083 | L85: 5.67 | M85: Achiving
A86: EMP017 | B86: Robert | C86: Johnson | D86: Robert Johnson | E86: OPS06 | F86: 42800 | G86: 63302 | H86: 91 | I86: Active | J86: Operations | K86: 63302 | L86: 9.36 | M86: Exceeding
A87: EMP024 | B87: David | C87: Wilson | D87: David Wilson | E87: OPS06 | F87: 42654 | G87: 48823 | H87: 34 | I87: Active | J87: Operations | K87: 48823 | L87: 9.76 | M87: Needs Improvement
A88: EMP132 | B88: Jessica | C88: Garcia | D88: Jessica Garcia | E88: OPS06 | F88: 42330 | G88: 86480 | H88: 65 | I88: Active | J88: Operations | K88: 86480 | L88: 10.65 | M88: Developing
A89: EMP118 | B89: Melissa | C89: Anderson | D89: Melissa Anderson | E89: OPS06 | F89: 44422 | G89: 46508 | H89: 34 | I89: Active | J89: Operations | K89: 46508 | L89: 4.92 | M89: Needs Improvement
A90: EMP097 | B90: William | C90: Gonzalez | D90: William Gonzalez | E90: OPS06 | F90: 43436 | G90: 68683 | H90: 90 | I90: Active | J90: Operations | K90: 68683 | L90: 7.62 | M90: Exceeding
A91: EMP003 | B91: Melissa | C91: Rodriguez | D91: Melissa Rodriguez | E91: OPS06 | F91: 44930 | G91: 60623 | H91: 78 | I91: Active | J91: Operations | K91: 60623 | L91: 3.53 | M91: Achiving
A92: EMP071 | B92: John | C92: Smith | D92: John Smith | E92: OPS06 | F92: 43122 | G92: 89060 | H92: 58 | I92: Active | J92: Operations | K92: 89060 | L92: 8.48 | M92: Developing
A93: EMP092 | B93: Emily | C93: Johnson | D93: Emily Johnson | E93: OPS06 | F93: 05/22/2016 | G93: 81167 | H93: 65 | I93: Active | J93: Operations | K93: 81167 | L93: 10.15 | M93: Developing
A94: EMP014 | B94: Thomas | C94: Jones | D94: Thomas Jones | E94: OPS06 | F94: 44421 | G94: $109,121 | H94: 72 | I94: Active | J94: Operations | K94: $109,121 | L94: 4.92 | M94: Achiving
A95: EMP072 | B95: Melissa | C95: Miller | D95: Melissa Miller | E95: SAL05 | F95: 42519 | G95: 62798 | H95: 30 | I95: Active | J95: Sales | K95: 62798 | L95: 10.13 | M95: Needs Improvement
A96: EMP140 | B96: Michael | C96: Martinez | D96: Michael Martinez | E96: SAL05 | F96: 42676 | G96: 94998 | H96: 58 | I96: Active | J96: Sales | K96: 94998 | L96: 9.7 | M96: Developing
A97: EMP020 | B97: Emily | C97: Miller | D97: Emily Miller | E97: SAL05 | F97: 43911 | G97: $118,635 | H97: 49 | I97: Active | J97: Sales | K97: $118,635 | L97: 6.32 | M97: Needs Improvement
A98: EMP031 | B98: Thomas | C98: Rodriguez | D98: Thomas Rodriguez | E98: SAL05 | F98: 45169 | G98: 65290 | H98: 77 | I98: Active | J98: Sales | K98: 65290 | L98: 2.88 | M98: Achiving
A99: EMP109 | B99: James | C99: Martinez | D99: James Martinez | E99: SAL05 | F99: 42899 | G99: 102921 | H99: 49 | I99: Active | J99: Sales | K99: 102921 | L99: 9.09 | M99: Needs Improvement
A100: EMP082 | B100: Ashley | C100: Williams | D100: Ashley Williams | E100: SAL05 | F100: 44728 | G100: 68655 | H100: 32 | I100: Active | J100: Sales | K100: 68655 | L100: 4.08 | M100: Needs Improvement
A101: EMP052 | C101: Williams | D101: Williams | E101: SAL05 | F101: 45134 | G101: 81205 | H101: 59 | I101: Active | J101: Sales | K101: 81205 | L101: 2.97 | M101: Developing
...
